Lot,Status
1,Non-Conforming
1,Non-Conforming
1,Non-Conforming
1,Non-Conforming
1,Non-Conforming
1,Non-Conforming
1,Non-Conforming
1,Non-Conforming
1,Non-Conforming
1,Non-Conforming
1,Non-Conforming
1,Non-Conforming
1,Non-Conforming
1,Non-Conforming
1,Non-Conforming
1,Non-Conforming
1,Non-Conforming
1,Non-Conforming
1,Non-Conforming
1,Non-Conforming
1,Non-Conforming
1,Non-Conforming
1,Non-Conforming
1,Non-Conforming
1,Non-Conforming
1,Non-Conforming
1,Non-Conforming
1,Non-Conforming
1,Non-Conforming
1,Non-Conforming
1,Non-Conforming
1,Non-Conforming
1,Non-Conforming
1,Non-Conforming
1,Non-Conforming
1,Non-Conforming
1,Conforming
1,Conforming
1,Conforming
1,Conforming
1,Conforming
1,Conforming
1,Conforming
1,Conforming
1,Conforming
1,Conforming
1,Conforming
1,Conforming
1,Conforming
1,Conforming
1,Conforming
1,Conforming
1,Conforming
1,Conforming
1,Conforming
1,Conforming
1,Conforming
1,Conforming
1,Conforming
1,Conforming
1,Conforming
1,Conforming
1,Conforming
1,Conforming
1,Conforming
1,Conforming
1,Conforming
1,Conforming
1,Conforming
1,Conforming
1,Conforming
1,Conforming
1,Conforming
1,Conforming
1,Conforming
1,Conforming
1,Conforming
1,Conforming
1,Conforming
1,Conforming
1,Conforming
1,Conforming
1,Conforming
1,Conforming
1,Conforming
1,Conforming
1,Conforming
1,Conforming
1,Conforming
1,Conforming
1,Conforming
1,Conforming
1,Conforming
1,Conforming
1,Conforming
1,Conforming
1,Conforming
1,Conforming
1,Conforming
1,Conforming
1,Conforming
1,Conforming
1,Conforming
1,Conforming
1,Conforming
1,Conforming
1,Conforming
1,Conforming
1,Conforming
1,Conforming
1,Conforming
1,Conforming
1,Conforming
1,Conforming
1,Conforming
1,Conforming
1,Conforming
1,Conforming
1,Conforming
1,Conforming
1,Conforming
1,Conforming
1,Conforming
1,Conforming
1,Conforming
1,Conforming
1,Conforming
1,Conforming
1,Conforming
1,Conforming
1,Conforming
1,Conforming
1,Conforming
1,Conforming
1,Conforming
1,Conforming
1,Conforming
1,Conforming
1,Conforming
1,Conforming
1,Conforming
1,Conforming
1,Conforming
1,Conforming
1,Conforming
1,Conforming
1,Conforming
1,Conforming
1,Conforming
1,Conforming
1,Conforming
1,Conforming
1,Conforming
1,Conforming
1,Conforming
1,Conforming
1,Conforming
1,Conforming
1,Conforming
1,Conforming
1,Conforming
1,Conforming
1,Conforming
1,Conforming
1,Conforming
1,Conforming
1,Conforming
1,Conforming
1,Conforming
1,Conforming
1,Conforming
1,Conforming
1,Conforming
1,Conforming
1,Conforming
1,Conforming
1,Conforming
1,Conforming
1,Conforming
1,Conforming
1,Conforming
1,Conforming
1,Conforming
1,Conforming
1,Conforming
1,Conforming
1,Conforming
1,Conforming
1,Conforming
1,Conforming
1,Conforming
1,Conforming
1,Conforming
1,Conforming
1,Conforming
1,Conforming
1,Conforming
1,Conforming
1,Conforming
1,Conforming
1,Conforming
1,Conforming
1,Conforming
1,Conforming
1,Conforming
1,Conforming
1,Conforming
1,Conforming
1,Conforming
1,Conforming
1,Conforming
1,Conforming
1,Conforming
1,Conforming
1,Conforming
1,Conforming
1,Conforming
1,Conforming
1,Conforming
1,Conforming
1,Conforming
1,Conforming
1,Conforming
1,Conforming
1,Conforming
1,Conforming
1,Conforming
1,Conforming
1,Conforming
1,Conforming
1,Conforming
1,Conforming
1,Conforming
1,Conforming
1,Conforming
1,Conforming
1,Conforming
1,Conforming
1,Conforming
1,Conforming
1,Conforming
1,Conforming
1,Conforming
1,Conforming
1,Conforming
1,Conforming
1,Conforming
1,Conforming
1,Conforming
1,Conforming
1,Conforming
1,Conforming
1,Conforming
1,Conforming
1,Conforming
1,Conforming
1,Conforming
1,Conforming
1,Conforming
1,Conforming
1,Conforming
1,Conforming
1,Conforming
1,Conforming
1,Conforming
1,Conforming
1,Conforming
1,Conforming
1,Conforming
1,Conforming
1,Conforming
1,Conforming
1,Conforming
1,Conforming
1,Conforming
1,Conforming
1,Conforming
1,Conforming
1,Conforming
1,Conforming
1,Conforming
1,Conforming
1,Conforming
1,Conforming
1,Conforming
1,Conforming
1,Conforming
1,Conforming
1,Conforming
1,Conforming
1,Conforming
1,Conforming
1,Conforming
1,Conforming
1,Conforming
1,Conforming
1,Conforming
1,Conforming
1,Conforming
1,Conforming
2,Non-Conforming
2,Non-Conforming
2,Non-Conforming
2,Non-Conforming
2,Non-Conforming
2,Non-Conforming
2,Non-Conforming
2,Non-Conforming
2,Non-Conforming
2,Non-Conforming
2,Non-Conforming
2,Non-Conforming
2,Non-Conforming
2,Non-Conforming
2,Non-Conforming
2,Non-Conforming
2,Non-Conforming
2,Non-Conforming
2,Non-Conforming
2,Non-Conforming
2,Non-Conforming
2,Non-Conforming
2,Non-Conforming
2,Non-Conforming
2,Non-Conforming
2,Non-Conforming
2,Non-Conforming
2,Non-Conforming
2,Non-Conforming
2,Non-Conforming
2,Non-Conforming
2,Non-Conforming
2,Non-Conforming
2,Non-Conforming
2,Non-Conforming
2,Non-Conforming
2,Non-Conforming
2,Non-Conforming
2,Non-Conforming
2,Non-Conforming
2,Non-Conforming
2,Non-Conforming
2,Non-Conforming
2,Non-Conforming
2,Non-Conforming
2,Non-Conforming
2,Conforming
2,Conforming
2,Conforming
2,Conforming
2,Conforming
2,Conforming
2,Conforming
2,Conforming
2,Conforming
2,Conforming
2,Conforming
2,Conforming
2,Conforming
2,Conforming
2,Conforming
2,Conforming
2,Conforming
2,Conforming
2,Conforming
2,Conforming
2,Conforming
2,Conforming
2,Conforming
2,Conforming
2,Conforming
2,Conforming
2,Conforming
2,Conforming
2,Conforming
2,Conforming
2,Conforming
2,Conforming
2,Conforming
2,Conforming
2,Conforming
2,Conforming
2,Conforming
2,Conforming
2,Conforming
2,Conforming
2,Conforming
2,Conforming
2,Conforming
2,Conforming
2,Conforming
2,Conforming
2,Conforming
2,Conforming
2,Conforming
2,Conforming
2,Conforming
2,Conforming
2,Conforming
2,Conforming
2,Conforming
2,Conforming
2,Conforming
2,Conforming
2,Conforming
2,Conforming
2,Conforming
2,Conforming
2,Conforming
2,Conforming
2,Conforming
2,Conforming
2,Conforming
2,Conforming
2,Conforming
2,Conforming
2,Conforming
2,Conforming
2,Conforming
2,Conforming
2,Conforming
2,Conforming
2,Conforming
2,Conforming
2,Conforming
2,Conforming
2,Conforming
2,Conforming
2,Conforming
2,Conforming
2,Conforming
2,Conforming
2,Conforming
2,Conforming
2,Conforming
2,Conforming
2,Conforming
2,Conforming
2,Conforming
2,Conforming
2,Conforming
2,Conforming
2,Conforming
2,Conforming
2,Conforming
2,Conforming
2,Conforming
2,Conforming
2,Conforming
2,Conforming
2,Conforming
2,Conforming
2,Conforming
2,Conforming
2,Conforming
2,Conforming
2,Conforming
2,Conforming
2,Conforming
2,Conforming
2,Conforming
2,Conforming
2,Conforming
2,Conforming
2,Conforming
2,Conforming
2,Conforming
2,Conforming
2,Conforming
2,Conforming
2,Conforming
2,Conforming
2,Conforming
2,Conforming
2,Conforming
2,Conforming
2,Conforming
2,Conforming
2,Conforming
2,Conforming
2,Conforming
2,Conforming
2,Conforming
2,Conforming
2,Conforming
2,Conforming
2,Conforming
2,Conforming
2,Conforming
2,Conforming
2,Conforming
2,Conforming
2,Conforming
2,Conforming
2,Conforming
2,Conforming
2,Conforming
2,Conforming
2,Conforming
2,Conforming
2,Conforming
2,Conforming
2,Conforming
2,Conforming
2,Conforming
2,Conforming
2,Conforming
2,Conforming
2,Conforming
2,Conforming
2,Conforming
2,Conforming
2,Conforming
2,Conforming
2,Conforming
2,Conforming
2,Conforming
2,Conforming
2,Conforming
2,Conforming
2,Conforming
2,Conforming
2,Conforming
2,Conforming
2,Conforming
2,Conforming
2,Conforming
2,Conforming
2,Conforming
2,Conforming
2,Conforming
2,Conforming
2,Conforming
2,Conforming
2,Conforming
2,Conforming
2,Conforming
2,Conforming
2,Conforming
2,Conforming
2,Conforming
2,Conforming
2,Conforming
2,Conforming
2,Conforming
2,Conforming
2,Conforming
2,Conforming
2,Conforming
2,Conforming
2,Conforming
2,Conforming
2,Conforming
2,Conforming
2,Conforming
2,Conforming
2,Conforming
2,Conforming
2,Conforming
2,Conforming
2,Conforming
2,Conforming
2,Conforming
2,Conforming
2,Conforming
2,Conforming
2,Conforming
2,Conforming
2,Conforming
2,Conforming
2,Conforming
2,Conforming
2,Conforming
2,Conforming
2,Conforming
2,Conforming
2,Conforming
2,Conforming
2,Conforming
2,Conforming
2,Conforming
2,Conforming
2,Conforming
2,Conforming
2,Conforming
2,Conforming
2,Conforming
2,Conforming
2,Conforming
2,Conforming
2,Conforming
2,Conforming
2,Conforming
2,Conforming
2,Conforming
2,Conforming
2,Conforming
2,Conforming
2,Conforming
2,Conforming
3,Non-Conforming
3,Non-Conforming
3,Non-Conforming
3,Non-Conforming
3,Non-Conforming
3,Non-Conforming
3,Non-Conforming
3,Non-Conforming
3,Non-Conforming
3,Non-Conforming
3,Non-Conforming
3,Non-Conforming
3,Non-Conforming
3,Non-Conforming
3,Non-Conforming
3,Non-Conforming
3,Non-Conforming
3,Non-Conforming
3,Non-Conforming
3,Non-Conforming
3,Non-Conforming
3,Non-Conforming
3,Non-Conforming
3,Non-Conforming
3,Non-Conforming
3,Non-Conforming
3,Non-Conforming
3,Non-Conforming
3,Non-Conforming
3,Non-Conforming
3,Non-Conforming
3,Non-Conforming
3,Non-Conforming
3,Non-Conforming
3,Non-Conforming
3,Non-Conforming
3,Non-Conforming
3,Non-Conforming
3,Non-Conforming
3,Non-Conforming
3,Non-Conforming
3,Non-Conforming
3,Conforming
3,Conforming
3,Conforming
3,Conforming
3,Conforming
3,Conforming
3,Conforming
3,Conforming
3,Conforming
3,Conforming
3,Conforming
3,Conforming
3,Conforming
3,Conforming
3,Conforming
3,Conforming
3,Conforming
3,Conforming
3,Conforming
3,Conforming
3,Conforming
3,Conforming
3,Conforming
3,Conforming
3,Conforming
3,Conforming
3,Conforming
3,Conforming
3,Conforming
3,Conforming
3,Conforming
3,Conforming
3,Conforming
3,Conforming
3,Conforming
3,Conforming
3,Conforming
3,Conforming
3,Conforming
3,Conforming
3,Conforming
3,Conforming
3,Conforming
3,Conforming
3,Conforming
3,Conforming
3,Conforming
3,Conforming
3,Conforming
3,Conforming
3,Conforming
3,Conforming
3,Conforming
3,Conforming
3,Conforming
3,Conforming
3,Conforming
3,Conforming
3,Conforming
3,Conforming
3,Conforming
3,Conforming
3,Conforming
3,Conforming
3,Conforming
3,Conforming
3,Conforming
3,Conforming
3,Conforming
3,Conforming
3,Conforming
3,Conforming
3,Conforming
3,Conforming
3,Conforming
3,Conforming
3,Conforming
3,Conforming
3,Conforming
3,Conforming
3,Conforming
3,Conforming
3,Conforming
3,Conforming
3,Conforming
3,Conforming
3,Conforming
3,Conforming
3,Conforming
3,Conforming
3,Conforming
3,Conforming
3,Conforming
3,Conforming
3,Conforming
3,Conforming
3,Conforming
3,Conforming
3,Conforming
3,Conforming
3,Conforming
3,Conforming
3,Conforming
3,Conforming
3,Conforming
3,Conforming
3,Conforming
3,Conforming
3,Conforming
3,Conforming
3,Conforming
3,Conforming
3,Conforming
3,Conforming
3,Conforming
3,Conforming
3,Conforming
3,Conforming
3,Conforming
3,Conforming
3,Conforming
3,Conforming
3,Conforming
3,Conforming
3,Conforming
3,Conforming
3,Conforming
3,Conforming
3,Conforming
3,Conforming
3,Conforming
3,Conforming
3,Conforming
3,Conforming
3,Conforming
3,Conforming
3,Conforming
3,Conforming
3,Conforming
3,Conforming
3,Conforming
3,Conforming
3,Conforming
3,Conforming
3,Conforming
3,Conforming
3,Conforming
3,Conforming
3,Conforming
3,Conforming
3,Conforming
3,Conforming
3,Conforming
3,Conforming
3,Conforming
3,Conforming
3,Conforming
3,Conforming
3,Conforming
3,Conforming
3,Conforming
3,Conforming
3,Conforming
3,Conforming
3,Conforming
3,Conforming
3,Conforming
3,Conforming
3,Conforming
3,Conforming
3,Conforming
3,Conforming
3,Conforming
3,Conforming
3,Conforming
3,Conforming
3,Conforming
3,Conforming
3,Conforming
3,Conforming
3,Conforming
3,Conforming
3,Conforming
3,Conforming
3,Conforming
3,Conforming
3,Conforming
3,Conforming
3,Conforming
3,Conforming
3,Conforming
3,Conforming
3,Conforming
3,Conforming
3,Conforming
3,Conforming
3,Conforming
3,Conforming
3,Conforming
3,Conforming
3,Conforming
3,Conforming
3,Conforming
3,Conforming
3,Conforming
3,Conforming
3,Conforming
3,Conforming
3,Conforming
3,Conforming
3,Conforming
3,Conforming
3,Conforming
3,Conforming
3,Conforming
3,Conforming
3,Conforming
3,Conforming
3,Conforming
3,Conforming
3,Conforming
3,Conforming
3,Conforming
3,Conforming
3,Conforming
3,Conforming
3,Conforming
3,Conforming
3,Conforming
3,Conforming
3,Conforming
3,Conforming
3,Conforming
3,Conforming
3,Conforming
3,Conforming
3,Conforming
3,Conforming
3,Conforming
3,Conforming
3,Conforming
3,Conforming
3,Conforming
3,Conforming
3,Conforming
3,Conforming
3,Conforming
3,Conforming
3,Conforming
3,Conforming
3,Conforming
3,Conforming
3,Conforming
3,Conforming
3,Conforming
3,Conforming
3,Conforming
3,Conforming
4,Non-Conforming
4,Non-Conforming
4,Non-Conforming
4,Non-Conforming
4,Non-Conforming
4,Non-Conforming
4,Non-Conforming
4,Non-Conforming
4,Non-Conforming
4,Non-Conforming
4,Non-Conforming
4,Non-Conforming
4,Non-Conforming
4,Non-Conforming
4,Non-Conforming
4,Non-Conforming
4,Non-Conforming
4,Non-Conforming
4,Non-Conforming
4,Non-Conforming
4,Non-Conforming
4,Non-Conforming
4,Non-Conforming
4,Non-Conforming
4,Non-Conforming
4,Non-Conforming
4,Non-Conforming
4,Non-Conforming
4,Non-Conforming
4,Non-Conforming
4,Non-Conforming
4,Non-Conforming
4,Non-Conforming
4,Non-Conforming
4,Non-Conforming
4,Non-Conforming
4,Non-Conforming
4,Non-Conforming
4,Non-Conforming
4,Non-Conforming
4,Non-Conforming
4,Non-Conforming
4,Non-Conforming
4,Non-Conforming
4,Non-Conforming
4,Non-Conforming
4,Non-Conforming
4,Non-Conforming
4,Non-Conforming
4,Non-Conforming
4,Non-Conforming
4,Non-Conforming
4,Non-Conforming
4,Non-Conforming
4,Non-Conforming
4,Non-Conforming
4,Non-Conforming
4,Non-Conforming
4,Non-Conforming
4,Non-Conforming
4,Non-Conforming
4,Non-Conforming
4,Non-Conforming
4,Conforming
4,Conforming
4,Conforming
4,Conforming
4,Conforming
4,Conforming
4,Conforming
4,Conforming
4,Conforming
4,Conforming
4,Conforming
4,Conforming
4,Conforming
4,Conforming
4,Conforming
4,Conforming
4,Conforming
4,Conforming
4,Conforming
4,Conforming
4,Conforming
4,Conforming
4,Conforming
4,Conforming
4,Conforming
4,Conforming
4,Conforming
4,Conforming
4,Conforming
4,Conforming
4,Conforming
4,Conforming
4,Conforming
4,Conforming
4,Conforming
4,Conforming
4,Conforming
4,Conforming
4,Conforming
4,Conforming
4,Conforming
4,Conforming
4,Conforming
4,Conforming
4,Conforming
4,Conforming
4,Conforming
4,Conforming
4,Conforming
4,Conforming
4,Conforming
4,Conforming
4,Conforming
4,Conforming
4,Conforming
4,Conforming
4,Conforming
4,Conforming
4,Conforming
4,Conforming
4,Conforming
4,Conforming
4,Conforming
4,Conforming
4,Conforming
4,Conforming
4,Conforming
4,Conforming
4,Conforming
4,Conforming
4,Conforming
4,Conforming
4,Conforming
4,Conforming
4,Conforming
4,Conforming
4,Conforming
4,Conforming
4,Conforming
4,Conforming
4,Conforming
4,Conforming
4,Conforming
4,Conforming
4,Conforming
4,Conforming
4,Conforming
4,Conforming
4,Conforming
4,Conforming
4,Conforming
4,Conforming
4,Conforming
4,Conforming
4,Conforming
4,Conforming
4,Conforming
4,Conforming
4,Conforming
4,Conforming
4,Conforming
4,Conforming
4,Conforming
4,Conforming
4,Conforming
4,Conforming
4,Conforming
4,Conforming
4,Conforming
4,Conforming
4,Conforming
4,Conforming
4,Conforming
4,Conforming
4,Conforming
4,Conforming
4,Conforming
4,Conforming
4,Conforming
4,Conforming
4,Conforming
4,Conforming
4,Conforming
4,Conforming
4,Conforming
4,Conforming
4,Conforming
4,Conforming
4,Conforming
4,Conforming
4,Conforming
4,Conforming
4,Conforming
4,Conforming
4,Conforming
4,Conforming
4,Conforming
4,Conforming
4,Conforming
4,Conforming
4,Conforming
4,Conforming
4,Conforming
4,Conforming
4,Conforming
4,Conforming
4,Conforming
4,Conforming
4,Conforming
4,Conforming
4,Conforming
4,Conforming
4,Conforming
4,Conforming
4,Conforming
4,Conforming
4,Conforming
4,Conforming
4,Conforming
4,Conforming
4,Conforming
4,Conforming
4,Conforming
4,Conforming
4,Conforming
4,Conforming
4,Conforming
4,Conforming
4,Conforming
4,Conforming
4,Conforming
4,Conforming
4,Conforming
4,Conforming
4,Conforming
4,Conforming
4,Conforming
4,Conforming
4,Conforming
4,Conforming
4,Conforming
4,Conforming
4,Conforming
4,Conforming
4,Conforming
4,Conforming
4,Conforming
4,Conforming
4,Conforming
4,Conforming
4,Conforming
4,Conforming
4,Conforming
4,Conforming
4,Conforming
4,Conforming
4,Conforming
4,Conforming
4,Conforming
4,Conforming
4,Conforming
4,Conforming
4,Conforming
4,Conforming
4,Conforming
4,Conforming
4,Conforming
4,Conforming
4,Conforming
4,Conforming
4,Conforming
4,Conforming
4,Conforming
4,Conforming
4,Conforming
4,Conforming
4,Conforming
4,Conforming
4,Conforming
4,Conforming
4,Conforming
4,Conforming
4,Conforming
4,Conforming
4,Conforming
4,Conforming
4,Conforming
4,Conforming
4,Conforming
4,Conforming
4,Conforming
4,Conforming
4,Conforming
4,Conforming
4,Conforming
4,Conforming
4,Conforming
5,Non-Conforming
5,Non-Conforming
5,Non-Conforming
5,Non-Conforming
5,Non-Conforming
5,Non-Conforming
5,Non-Conforming
5,Non-Conforming
5,Non-Conforming
5,Non-Conforming
5,Non-Conforming
5,Non-Conforming
5,Non-Conforming
5,Non-Conforming
5,Non-Conforming
5,Non-Conforming
5,Non-Conforming
5,Non-Conforming
5,Non-Conforming
5,Non-Conforming
5,Non-Conforming
5,Non-Conforming
5,Non-Conforming
5,Non-Conforming
5,Non-Conforming
5,Non-Conforming
5,Non-Conforming
5,Non-Conforming
5,Non-Conforming
5,Non-Conforming
5,Non-Conforming
5,Non-Conforming
5,Non-Conforming
5,Non-Conforming
5,Non-Conforming
5,Non-Conforming
5,Non-Conforming
5,Non-Conforming
5,Conforming
5,Conforming
5,Conforming
5,Conforming
5,Conforming
5,Conforming
5,Conforming
5,Conforming
5,Conforming
5,Conforming
5,Conforming
5,Conforming
5,Conforming
5,Conforming
5,Conforming
5,Conforming
5,Conforming
5,Conforming
5,Conforming
5,Conforming
5,Conforming
5,Conforming
5,Conforming
5,Conforming
5,Conforming
5,Conforming
5,Conforming
5,Conforming
5,Conforming
5,Conforming
5,Conforming
5,Conforming
5,Conforming
5,Conforming
5,Conforming
5,Conforming
5,Conforming
5,Conforming
5,Conforming
5,Conforming
5,Conforming
5,Conforming
5,Conforming
5,Conforming
5,Conforming
5,Conforming
5,Conforming
5,Conforming
5,Conforming
5,Conforming
5,Conforming
5,Conforming
5,Conforming
5,Conforming
5,Conforming
5,Conforming
5,Conforming
5,Conforming
5,Conforming
5,Conforming
5,Conforming
5,Conforming
5,Conforming
5,Conforming
5,Conforming
5,Conforming
5,Conforming
5,Conforming
5,Conforming
5,Conforming
5,Conforming
5,Conforming
5,Conforming
5,Conforming
5,Conforming
5,Conforming
5,Conforming
5,Conforming
5,Conforming
5,Conforming
5,Conforming
5,Conforming
5,Conforming
5,Conforming
5,Conforming
5,Conforming
5,Conforming
5,Conforming
5,Conforming
5,Conforming
5,Conforming
5,Conforming
5,Conforming
5,Conforming
5,Conforming
5,Conforming
5,Conforming
5,Conforming
5,Conforming
5,Conforming
5,Conforming
5,Conforming
5,Conforming
5,Conforming
5,Conforming
5,Conforming
5,Conforming
5,Conforming
5,Conforming
5,Conforming
5,Conforming
5,Conforming
5,Conforming
5,Conforming
5,Conforming
5,Conforming
5,Conforming
5,Conforming
5,Conforming
5,Conforming
5,Conforming
5,Conforming
5,Conforming
5,Conforming
5,Conforming
5,Conforming
5,Conforming
5,Conforming
5,Conforming
5,Conforming
5,Conforming
5,Conforming
5,Conforming
5,Conforming
5,Conforming
5,Conforming
5,Conforming
5,Conforming
5,Conforming
5,Conforming
5,Conforming
5,Conforming
5,Conforming
5,Conforming
5,Conforming
5,Conforming
5,Conforming
5,Conforming
5,Conforming
5,Conforming
5,Conforming
5,Conforming
5,Conforming
5,Conforming
5,Conforming
5,Conforming
5,Conforming
5,Conforming
5,Conforming
5,Conforming
5,Conforming
5,Conforming
5,Conforming
5,Conforming
5,Conforming
5,Conforming
5,Conforming
5,Conforming
5,Conforming
5,Conforming
5,Conforming
5,Conforming
5,Conforming
5,Conforming
5,Conforming
5,Conforming
5,Conforming
5,Conforming
5,Conforming
5,Conforming
5,Conforming
5,Conforming
5,Conforming
5,Conforming
5,Conforming
5,Conforming
5,Conforming
5,Conforming
5,Conforming
5,Conforming
5,Conforming
5,Conforming
5,Conforming
5,Conforming
5,Conforming
5,Conforming
5,Conforming
5,Conforming
5,Conforming
5,Conforming
5,Conforming
5,Conforming
5,Conforming
5,Conforming
5,Conforming
5,Conforming
5,Conforming
5,Conforming
5,Conforming
5,Conforming
5,Conforming
5,Conforming
5,Conforming
5,Conforming
5,Conforming
5,Conforming
5,Conforming
5,Conforming
5,Conforming
5,Conforming
5,Conforming
5,Conforming
5,Conforming
5,Conforming
5,Conforming
5,Conforming
5,Conforming
5,Conforming
5,Conforming
5,Conforming
5,Conforming
5,Conforming
5,Conforming
5,Conforming
5,Conforming
5,Conforming
5,Conforming
5,Conforming
5,Conforming
5,Conforming
5,Conforming
5,Conforming
5,Conforming
5,Conforming
5,Conforming
5,Conforming
5,Conforming
5,Conforming
5,Conforming
5,Conforming
5,Conforming
5,Conforming
5,Conforming
5,Conforming
5,Conforming
5,Conforming
5,Conforming
5,Conforming
5,Conforming
5,Conforming
5,Conforming
5,Conforming
