Question1,Question2
Correct,Correct
Correct,Correct
Correct,Correct
Correct,Correct
Correct,Correct
Correct,Correct
Correct,Correct
Correct,Correct
Correct,Correct
Correct,Correct
Correct,Correct
Correct,Correct
Correct,Correct
Correct,Correct
Correct,Correct
Correct,Correct
Correct,Correct
Correct,Correct
Correct,Correct
Correct,Correct
Correct,Correct
Correct,Correct
Correct,Correct
Correct,Correct
Correct,Correct
Correct,Correct
Correct,Correct
Correct,Correct
Correct,Correct
Correct,Correct
Correct,Correct
Correct,Correct
Correct,Correct
Correct,Correct
Correct,Correct
Correct,Correct
Correct,Correct
Correct,Correct
Correct,Correct
Correct,Correct
Correct,Correct
Correct,Correct
Correct,Correct
Correct,Correct
Correct,Correct
Correct,Correct
Correct,Correct
Correct,Correct
Correct,Correct
Correct,Correct
Correct,Correct
Correct,Correct
Correct,Correct
Correct,Correct
Correct,Correct
Correct,Correct
Correct,Correct
Correct,Correct
Correct,Correct
Correct,Correct
Correct,Correct
Correct,Correct
Correct,Correct
Correct,Correct
Correct,Correct
Correct,Correct
Correct,Correct
Correct,Correct
Correct,Correct
Correct,Correct
Correct,Correct
Correct,Correct
Correct,Correct
Correct,Correct
Correct,Correct
Correct,Correct
Correct,Correct
Correct,Correct
Correct,Correct
Correct,Correct
Correct,Correct
Correct,Correct
Correct,Correct
Correct,Correct
Correct,Correct
Correct,Correct
Correct,Correct
Correct,Correct
Correct,Correct
Correct,Correct
Correct,Correct
Correct,Correct
Correct,Correct
Correct,Correct
Correct,Correct
Correct,Correct
Correct,Correct
Correct,Correct
Correct,Correct
Correct,Correct
Correct,Correct
Correct,Correct
Correct,Correct
Correct,Correct
Correct,Correct
Correct,Correct
Correct,Correct
Correct,Correct
Correct,Correct
Correct,Correct
Correct,Correct
Correct,Correct
Correct,Correct
Correct,Correct
Correct,Correct
Correct,Correct
Correct,Correct
Correct,Correct
Correct,Correct
Correct,Correct
Correct,Correct
Correct,Correct
Correct,Correct
Correct,Correct
Correct,Correct
Correct,Correct
Correct,Correct
Correct,Correct
Correct,Correct
Correct,Correct
Correct,Correct
Correct,Correct
Correct,Correct
Correct,Correct
Correct,Correct
Correct,Correct
Correct,Correct
Correct,Correct
Correct,Correct
Correct,Correct
Correct,Correct
Correct,Correct
Correct,Correct
Correct,Correct
Correct,Correct
Correct,Correct
Correct,Correct
Correct,Correct
Correct,Correct
Correct,Correct
Correct,Correct
Correct,Correct
Correct,Correct
Correct,Correct
Correct,Correct
Correct,Correct
Correct,Correct
Correct,Correct
Correct,Correct
Correct,Correct
Correct,Correct
Correct,Correct
Correct,Correct
Correct,Correct
Correct,Correct
Correct,Correct
Correct,Correct
Correct,Correct
Correct,Correct
Correct,Correct
Correct,Correct
Correct,Correct
Correct,Correct
Correct,Correct
Correct,Correct
Correct,Correct
Correct,Correct
Correct,Correct
Correct,Correct
Correct,Correct
Correct,Correct
Correct,Correct
Correct,Correct
Correct,Correct
Correct,Correct
Correct,Correct
Correct,Correct
Correct,Correct
Correct,Correct
Correct,Correct
Correct,Correct
Correct,Correct
Correct,Correct
Correct,Correct
Correct,Correct
Correct,Correct
Correct,Correct
Correct,Correct
Correct,Correct
Correct,Correct
Correct,Correct
Correct,Correct
Correct,Correct
Correct,Correct
Correct,Correct
Correct,Correct
Correct,Correct
Correct,Correct
Correct,Correct
Correct,Correct
Correct,Correct
Correct,Correct
Correct,Correct
Correct,Correct
Correct,Correct
Correct,Correct
Correct,Correct
Correct,Correct
Correct,Correct
Correct,Correct
Correct,Correct
Correct,Correct
Correct,Correct
Correct,Correct
Correct,Correct
Correct,Correct
Correct,Correct
Correct,Correct
Correct,Correct
Correct,Correct
Correct,Correct
Correct,Correct
Correct,Correct
Correct,Correct
Correct,Correct
Correct,Correct
Correct,Correct
Correct,Correct
Correct,Correct
Correct,Correct
Correct,Correct
Correct,Correct
Correct,Correct
Correct,Correct
Correct,Correct
Correct,Correct
Correct,Correct
Correct,Correct
Correct,Correct
Correct,Correct
Correct,Correct
Correct,Correct
Correct,Correct
Correct,Correct
Correct,Correct
Correct,Correct
Correct,Correct
Correct,Correct
Correct,Correct
Correct,Correct
Correct,Correct
Correct,Correct
Correct,Correct
Correct,Correct
Correct,Correct
Correct,Correct
Correct,Correct
Correct,Correct
Correct,Correct
Correct,Correct
Correct,Correct
Correct,Correct
Correct,Correct
Correct,Correct
Correct,Correct
Correct,Correct
Correct,Correct
Correct,Correct
Correct,Correct
Correct,Correct
Correct,Correct
Correct,Correct
Correct,Correct
Correct,Correct
Correct,Correct
Correct,Correct
Correct,Correct
Correct,Correct
Correct,Correct
Correct,Correct
Correct,Correct
Correct,Correct
Correct,Correct
Correct,Correct
Correct,Correct
Correct,Correct
Correct,Correct
Correct,Correct
Correct,Correct
Correct,Correct
Correct,Correct
Correct,Correct
Correct,Correct
Correct,Correct
Correct,Correct
Correct,Correct
Correct,Correct
Correct,Correct
Correct,Correct
Correct,Correct
Correct,Correct
Correct,Correct
Correct,Correct
Correct,Correct
Correct,Correct
Correct,Correct
Correct,Correct
Correct,Correct
Correct,Correct
Correct,Correct
Correct,Correct
Correct,Correct
Correct,Correct
Correct,Correct
Correct,Correct
Correct,Correct
Correct,Correct
Correct,Correct
Correct,Correct
Correct,Correct
Correct,Correct
Correct,Correct
Correct,Correct
Correct,Correct
Correct,Correct
Correct,Correct
Correct,Correct
Correct,Correct
Correct,Correct
Correct,Correct
Correct,Correct
Correct,Correct
Correct,Correct
Correct,Correct
Correct,Correct
Correct,Correct
Correct,Correct
Correct,Correct
Correct,Correct
Correct,Correct
Correct,Correct
Correct,Correct
Correct,Correct
Correct,Correct
Correct,Correct
Correct,Correct
Correct,Correct
Correct,Correct
Correct,Correct
Correct,Correct
Correct,Correct
Correct,Correct
Correct,Correct
Correct,Correct
Correct,Correct
Correct,Correct
Correct,Correct
Correct,Correct
Correct,Correct
Correct,Correct
Correct,Correct
Correct,Correct
Correct,Correct
Correct,Correct
Correct,Correct
Correct,Correct
Correct,Correct
Correct,Correct
Correct,Correct
Correct,Correct
Correct,Correct
Correct,Correct
Correct,Correct
Correct,Correct
Correct,Correct
Correct,Correct
Correct,Correct
Correct,Correct
Correct,Correct
Correct,Correct
Correct,Correct
Correct,Correct
Correct,Correct
Correct,Correct
Correct,Correct
Correct,Correct
Correct,Correct
Correct,Correct
Correct,Correct
Correct,Correct
Correct,Correct
Correct,Correct
Correct,Correct
Correct,Correct
Correct,Correct
Correct,Correct
Correct,Correct
Correct,Correct
Correct,Correct
Correct,Correct
Correct,Correct
Correct,Correct
Correct,Correct
Correct,Correct
Correct,Correct
Correct,Correct
Correct,Correct
Correct,Correct
Correct,Correct
Correct,Correct
Correct,Correct
Correct,Correct
Correct,Correct
Correct,Correct
Correct,Correct
Correct,Correct
Correct,Correct
Correct,Correct
Correct,Correct
Correct,Correct
Correct,Correct
Correct,Correct
Correct,Correct
Correct,Correct
Correct,Correct
Correct,Correct
Correct,Correct
Correct,Correct
Correct,Correct
Correct,Correct
Correct,Correct
Correct,Correct
Correct,Correct
Correct,Correct
Correct,Correct
Correct,Correct
Correct,Correct
Correct,Correct
Correct,Correct
Correct,Correct
Correct,Correct
Correct,Correct
Correct,Correct
Correct,Correct
Correct,Correct
Correct,Correct
Correct,Correct
Correct,Correct
Correct,Correct
Correct,Correct
Correct,Correct
Correct,Correct
Correct,Correct
Correct,Correct
Correct,Correct
Correct,Correct
Correct,Correct
Correct,Correct
Correct,Correct
Correct,Incorrect
Correct,Incorrect
Correct,Incorrect
Correct,Incorrect
Correct,Incorrect
Correct,Incorrect
Correct,Incorrect
Correct,Incorrect
Correct,Incorrect
Correct,Incorrect
Correct,Incorrect
Correct,Incorrect
Incorrect,Correct
Incorrect,Correct
Incorrect,Correct
Incorrect,Correct
Incorrect,Correct
Incorrect,Correct
Incorrect,Correct
Incorrect,Correct
Incorrect,Correct
Incorrect,Correct
Incorrect,Correct
Incorrect,Correct
Incorrect,Correct
Incorrect,Correct
Incorrect,Correct
Incorrect,Correct
Incorrect,Correct
Incorrect,Correct
Incorrect,Correct
Incorrect,Correct
Incorrect,Correct
Incorrect,Correct
Incorrect,Correct
Incorrect,Correct
Incorrect,Correct
Incorrect,Correct
Incorrect,Correct
Incorrect,Correct
Incorrect,Correct
Incorrect,Correct
Incorrect,Incorrect
Incorrect,Incorrect
Incorrect,Incorrect
Incorrect,Incorrect
Incorrect,Incorrect
Incorrect,Incorrect
Incorrect,Incorrect
Incorrect,Incorrect
Incorrect,Incorrect
Incorrect,Incorrect
Incorrect,Incorrect
Incorrect,Incorrect
Incorrect,Incorrect
Incorrect,Incorrect
Incorrect,Incorrect
Incorrect,Incorrect
Incorrect,Incorrect
Incorrect,Incorrect
Incorrect,Incorrect
Incorrect,Incorrect
Incorrect,Incorrect
Incorrect,Incorrect
Incorrect,Incorrect
Incorrect,Incorrect
Incorrect,Incorrect
Incorrect,Incorrect
Incorrect,Incorrect
Incorrect,Incorrect
Incorrect,Incorrect
Incorrect,Incorrect
Incorrect,Incorrect
Incorrect,Incorrect
Incorrect,Incorrect
Incorrect,Incorrect
Incorrect,Incorrect
Incorrect,Incorrect
Incorrect,Incorrect
Incorrect,Incorrect
Incorrect,Incorrect
Incorrect,Incorrect
Incorrect,Incorrect
Incorrect,Incorrect
Incorrect,Incorrect
Incorrect,Incorrect
Incorrect,Incorrect
Incorrect,Incorrect
Incorrect,Incorrect
Incorrect,Incorrect
Incorrect,Incorrect
Incorrect,Incorrect
Incorrect,Incorrect
Incorrect,Incorrect
Incorrect,Incorrect
Incorrect,Incorrect
Incorrect,Incorrect
Incorrect,Incorrect
Incorrect,Incorrect
Incorrect,Incorrect
Incorrect,Incorrect
Incorrect,Incorrect
Incorrect,Incorrect
Incorrect,Incorrect
Incorrect,Incorrect
Incorrect,Incorrect
Incorrect,Incorrect
Incorrect,Incorrect
Incorrect,Incorrect
Incorrect,Incorrect
Incorrect,Incorrect
Incorrect,Incorrect
Incorrect,Incorrect
Incorrect,Incorrect
Incorrect,Incorrect
Incorrect,Incorrect
Incorrect,Incorrect
Incorrect,Incorrect
Incorrect,Incorrect
Incorrect,Incorrect
