Physically,Psychologically
Seldom,Seldom
Seldom,Seldom
Seldom,Seldom
Seldom,Seldom
Seldom,Seldom
Seldom,Seldom
Seldom,Seldom
Seldom,Seldom
Seldom,Seldom
Seldom,Seldom
Seldom,Seldom
Seldom,Seldom
Seldom,Seldom
Seldom,Seldom
Seldom,Seldom
Seldom,Seldom
Seldom,Seldom
Seldom,Seldom
Seldom,Seldom
Seldom,Seldom
Seldom,Seldom
Seldom,Seldom
Seldom,Seldom
Seldom,Seldom
Seldom,Seldom
Seldom,Seldom
Seldom,Seldom
Seldom,Seldom
Seldom,Seldom
Seldom,Seldom
Seldom,Seldom
Seldom,Seldom
Seldom,Seldom
Seldom,Seldom
Seldom,Seldom
Seldom,Seldom
Seldom,Seldom
Seldom,Seldom
Seldom,Seldom
Seldom,Seldom
Seldom,Seldom
Seldom,Seldom
Seldom,Seldom
Seldom,Seldom
Seldom,Seldom
Seldom,Seldom
Seldom,Seldom
Seldom,Seldom
Seldom,Seldom
Seldom,Seldom
Seldom,Seldom
Seldom,Seldom
Seldom,Seldom
Seldom,Seldom
Seldom,Seldom
Seldom,Seldom
Seldom,Seldom
Seldom,Seldom
Seldom,Seldom
Seldom,Seldom
Seldom,Seldom
Seldom,Seldom
Seldom,Seldom
Seldom,Seldom
Seldom,Seldom
Seldom,Seldom
Seldom,Seldom
Seldom,Seldom
Seldom,Seldom
Seldom,Seldom
Seldom,Seldom
Seldom,Seldom
Seldom,Seldom
Seldom,Seldom
Seldom,Seldom
Seldom,Seldom
Seldom,Seldom
Seldom,Seldom
Seldom,Seldom
Seldom,Seldom
Seldom,Seldom
Seldom,Seldom
Seldom,Seldom
Seldom,Seldom
Seldom,Seldom
Seldom,Seldom
Seldom,Seldom
Seldom,Seldom
Seldom,Seldom
Seldom,Seldom
Seldom,Seldom
Seldom,Seldom
Seldom,Seldom
Seldom,Seldom
Seldom,Seldom
Seldom,Seldom
Seldom,Seldom
Seldom,Seldom
Seldom,Seldom
Seldom,Seldom
Seldom,Seldom
Seldom,Seldom
Seldom,Seldom
Seldom,Seldom
Seldom,Seldom
Seldom,Seldom
Seldom,Seldom
Seldom,Seldom
Seldom,Seldom
Seldom,Seldom
Seldom,Seldom
Seldom,Seldom
Seldom,Seldom
Seldom,Seldom
Seldom,Seldom
Seldom,Seldom
Seldom,Seldom
Seldom,Seldom
Seldom,Seldom
Seldom,Seldom
Seldom,Seldom
Seldom,Seldom
Seldom,Seldom
Seldom,Seldom
Seldom,Seldom
Seldom,Seldom
Seldom,Seldom
Seldom,Seldom
Seldom,Seldom
Seldom,Seldom
Seldom,Seldom
Seldom,Seldom
Seldom,Seldom
Seldom,Seldom
Seldom,Seldom
Seldom,Seldom
Seldom,Seldom
Seldom,Seldom
Seldom,Seldom
Seldom,Seldom
Seldom,Seldom
Seldom,Seldom
Seldom,Seldom
Seldom,Seldom
Seldom,Seldom
Seldom,Seldom
Seldom,Seldom
Seldom,Seldom
Seldom,Seldom
Seldom,Seldom
Seldom,Seldom
Seldom,Seldom
Seldom,Seldom
Seldom,Seldom
Seldom,Seldom
Seldom,Seldom
Seldom,Seldom
Seldom,Seldom
Seldom,Seldom
Seldom,Seldom
Seldom,Seldom
Seldom,Seldom
Seldom,Seldom
Seldom,Seldom
Seldom,Seldom
Seldom,Seldom
Seldom,Seldom
Seldom,Seldom
Seldom,Seldom
Seldom,Seldom
Seldom,Seldom
Seldom,Seldom
Seldom,Seldom
Seldom,Seldom
Seldom,Seldom
Seldom,Seldom
Seldom,Seldom
Seldom,Seldom
Seldom,Seldom
Seldom,Seldom
Seldom,Seldom
Seldom,Seldom
Seldom,Seldom
Seldom,Seldom
Seldom,Seldom
Seldom,Seldom
Seldom,Seldom
Seldom,Seldom
Seldom,Seldom
Seldom,Seldom
Seldom,Seldom
Seldom,Seldom
Seldom,Seldom
Seldom,Seldom
Seldom,Seldom
Seldom,Seldom
Seldom,Seldom
Seldom,Seldom
Seldom,Seldom
Seldom,Seldom
Seldom,Seldom
Seldom,Seldom
Seldom,Seldom
Seldom,Seldom
Seldom,Seldom
Seldom,Seldom
Seldom,Seldom
Seldom,Seldom
Seldom,Seldom
Seldom,Seldom
Seldom,Seldom
Seldom,Seldom
Seldom,Seldom
Seldom,Seldom
Seldom,Seldom
Seldom,Seldom
Seldom,Seldom
Seldom,Seldom
Seldom,Seldom
Seldom,Seldom
Seldom,Seldom
Seldom,Seldom
Seldom,Seldom
Seldom,Seldom
Seldom,Seldom
Seldom,Seldom
Seldom,Seldom
Seldom,Seldom
Seldom,Seldom
Seldom,Seldom
Seldom,Seldom
Seldom,Seldom
Seldom,Seldom
Seldom,Seldom
Seldom,Seldom
Seldom,Seldom
Seldom,Seldom
Seldom,Seldom
Seldom,Seldom
Seldom,Seldom
Seldom,Seldom
Seldom,Seldom
Seldom,Seldom
Seldom,Seldom
Seldom,Seldom
Seldom,Seldom
Seldom,Seldom
Seldom,Seldom
Seldom,Seldom
Seldom,Seldom
Seldom,Seldom
Seldom,Seldom
Seldom,Seldom
Seldom,Seldom
Seldom,Seldom
Seldom,Seldom
Seldom,Seldom
Seldom,Seldom
Seldom,Seldom
Seldom,Seldom
Seldom,Seldom
Seldom,Seldom
Seldom,Seldom
Seldom,Seldom
Seldom,Seldom
Seldom,Seldom
Seldom,Seldom
Seldom,Seldom
Seldom,Seldom
Seldom,Seldom
Seldom,Seldom
Seldom,Seldom
Seldom,Seldom
Seldom,Seldom
Seldom,Seldom
Seldom,Seldom
Seldom,Seldom
Seldom,Seldom
Seldom,Seldom
Seldom,Seldom
Seldom,Seldom
Seldom,Seldom
Seldom,Seldom
Seldom,Seldom
Seldom,Seldom
Seldom,Seldom
Seldom,Seldom
Seldom,Seldom
Seldom,Seldom
Seldom,Seldom
Seldom,Seldom
Seldom,Seldom
Seldom,Seldom
Seldom,Seldom
Seldom,Seldom
Seldom,Seldom
Seldom,Seldom
Seldom,Seldom
Seldom,Seldom
Seldom,Seldom
Seldom,Seldom
Seldom,Seldom
Seldom,Seldom
Seldom,Seldom
Seldom,Seldom
Seldom,Seldom
Seldom,Seldom
Seldom,Seldom
Seldom,Seldom
Seldom,Seldom
Seldom,Seldom
Seldom,Seldom
Seldom,Seldom
Seldom,Seldom
Seldom,Seldom
Seldom,Seldom
Seldom,Seldom
Seldom,Seldom
Seldom,Seldom
Seldom,Seldom
Seldom,Seldom
Seldom,Seldom
Seldom,Seldom
Seldom,Seldom
Seldom,Seldom
Seldom,Seldom
Seldom,Seldom
Seldom,Seldom
Seldom,Seldom
Seldom,Seldom
Seldom,Seldom
Seldom,Seldom
Seldom,Seldom
Seldom,Seldom
Seldom,Seldom
Seldom,Seldom
Seldom,Seldom
Seldom,Seldom
Seldom,Seldom
Seldom,Seldom
Seldom,Seldom
Seldom,Seldom
Seldom,Seldom
Seldom,Seldom
Seldom,Seldom
Seldom,Seldom
Seldom,Seldom
Seldom,Seldom
Seldom,Seldom
Seldom,Seldom
Seldom,Seldom
Seldom,Seldom
Seldom,Seldom
Seldom,Seldom
Seldom,Seldom
Seldom,Seldom
Seldom,Seldom
Seldom,Seldom
Seldom,Seldom
Seldom,Seldom
Seldom,Seldom
Seldom,Seldom
Seldom,Seldom
Seldom,Seldom
Seldom,Seldom
Seldom,Seldom
Seldom,Seldom
Seldom,Seldom
Seldom,Seldom
Seldom,Seldom
Seldom,Seldom
Seldom,Seldom
Seldom,Seldom
Seldom,Seldom
Seldom,Seldom
Seldom,Seldom
Seldom,Seldom
Seldom,Seldom
Seldom,Seldom
Seldom,Seldom
Seldom,Seldom
Seldom,Seldom
Seldom,Seldom
Seldom,Seldom
Seldom,Seldom
Seldom,Seldom
Seldom,Seldom
Seldom,Seldom
Seldom,Seldom
Seldom,Seldom
Seldom,Seldom
Seldom,Seldom
Seldom,Seldom
Seldom,Seldom
Seldom,Seldom
Seldom,Seldom
Seldom,Seldom
Seldom,Seldom
Seldom,Seldom
Seldom,Seldom
Seldom,Seldom
Seldom,Seldom
Seldom,Seldom
Seldom,Seldom
Seldom,Seldom
Seldom,Seldom
Seldom,Seldom
Seldom,Seldom
Seldom,Seldom
Seldom,Seldom
Seldom,Seldom
Seldom,Seldom
Seldom,Seldom
Seldom,Seldom
Seldom,Seldom
Seldom,Seldom
Seldom,Seldom
Seldom,Seldom
Seldom,Seldom
Seldom,Seldom
Seldom,Seldom
Seldom,Seldom
Seldom,Seldom
Seldom,Seldom
Seldom,Seldom
Seldom,Seldom
Seldom,Seldom
Seldom,Seldom
Seldom,Seldom
Seldom,Seldom
Seldom,Seldom
Seldom,Seldom
Seldom,Seldom
Seldom,Seldom
Seldom,Seldom
Seldom,Seldom
Seldom,Seldom
Seldom,Seldom
Seldom,Seldom
Seldom,Seldom
Seldom,Seldom
Seldom,Seldom
Seldom,Seldom
Seldom,Seldom
Seldom,Seldom
Seldom,Seldom
Seldom,Seldom
Seldom,Seldom
Seldom,Seldom
Seldom,Seldom
Seldom,Seldom
Seldom,Seldom
Seldom,Seldom
Seldom,Seldom
Seldom,Seldom
Seldom,Seldom
Seldom,Seldom
Seldom,Seldom
Seldom,Seldom
Seldom,Seldom
Seldom,Seldom
Seldom,Seldom
Seldom,Seldom
Seldom,Seldom
Seldom,Seldom
Seldom,Seldom
Seldom,Seldom
Seldom,Seldom
Seldom,Seldom
Seldom,Seldom
Seldom,Seldom
Seldom,Seldom
Seldom,Seldom
Seldom,Seldom
Seldom,Seldom
Seldom,Seldom
Seldom,Seldom
Seldom,Seldom
Seldom,Seldom
Seldom,Seldom
Seldom,Seldom
Seldom,Seldom
Seldom,Seldom
Seldom,Seldom
Seldom,Seldom
Seldom,Seldom
Seldom,Seldom
Seldom,Seldom
Seldom,Seldom
Seldom,Seldom
Seldom,Seldom
Seldom,Seldom
Seldom,Seldom
Seldom,Seldom
Seldom,Seldom
Seldom,Seldom
Seldom,Seldom
Seldom,Seldom
Seldom,Seldom
Seldom,Seldom
Seldom,Seldom
Seldom,Seldom
Seldom,Seldom
Seldom,Seldom
Seldom,Seldom
Seldom,Seldom
Seldom,Seldom
Seldom,Seldom
Seldom,Seldom
Seldom,Seldom
Seldom,Seldom
Seldom,Seldom
Seldom,Seldom
Seldom,Seldom
Seldom,Seldom
Seldom,Seldom
Seldom,Seldom
Seldom,Seldom
Seldom,Seldom
Seldom,Seldom
Seldom,Seldom
Seldom,Seldom
Seldom,Seldom
Seldom,Seldom
Seldom,Seldom
Seldom,Seldom
Seldom,Seldom
Seldom,Seldom
Seldom,Seldom
Seldom,Seldom
Seldom,Seldom
Seldom,Seldom
Seldom,Seldom
Seldom,Seldom
Seldom,Seldom
Seldom,Seldom
Seldom,Seldom
Seldom,Seldom
Seldom,Seldom
Seldom,Seldom
Seldom,Seldom
Seldom,Seldom
Seldom,Sometimes
Seldom,Sometimes
Seldom,Sometimes
Seldom,Sometimes
Seldom,Sometimes
Seldom,Sometimes
Seldom,Sometimes
Seldom,Sometimes
Seldom,Sometimes
Seldom,Sometimes
Seldom,Sometimes
Seldom,Sometimes
Seldom,Sometimes
Seldom,Sometimes
Seldom,Sometimes
Seldom,Sometimes
Seldom,Sometimes
Seldom,Sometimes
Seldom,Sometimes
Seldom,Sometimes
Seldom,Sometimes
Seldom,Sometimes
Seldom,Sometimes
Seldom,Sometimes
Seldom,Sometimes
Seldom,Sometimes
Seldom,Sometimes
Seldom,Sometimes
Seldom,Sometimes
Seldom,Sometimes
Seldom,Sometimes
Seldom,Sometimes
Seldom,Sometimes
Seldom,Sometimes
Seldom,Sometimes
Seldom,Sometimes
Seldom,Sometimes
Seldom,Sometimes
Seldom,Sometimes
Seldom,Sometimes
Seldom,Sometimes
Seldom,Sometimes
Seldom,Sometimes
Seldom,Sometimes
Seldom,Sometimes
Seldom,Sometimes
Seldom,Sometimes
Seldom,Sometimes
Seldom,Sometimes
Seldom,Sometimes
Seldom,Sometimes
Seldom,Sometimes
Seldom,Sometimes
Seldom,Sometimes
Seldom,Sometimes
Seldom,Sometimes
Seldom,Sometimes
Seldom,Sometimes
Seldom,Sometimes
Seldom,Sometimes
Seldom,Sometimes
Seldom,Sometimes
Seldom,Sometimes
Seldom,Sometimes
Seldom,Sometimes
Seldom,Sometimes
Seldom,Sometimes
Seldom,Sometimes
Seldom,Sometimes
Seldom,Sometimes
Seldom,Sometimes
Seldom,Sometimes
Seldom,Sometimes
Seldom,Sometimes
Seldom,Sometimes
Seldom,Sometimes
Seldom,Sometimes
Seldom,Sometimes
Seldom,Sometimes
Seldom,Sometimes
Seldom,Sometimes
Seldom,Sometimes
Seldom,Sometimes
Seldom,Sometimes
Seldom,Sometimes
Seldom,Sometimes
Seldom,Sometimes
Seldom,Sometimes
Seldom,Sometimes
Seldom,Sometimes
Seldom,Sometimes
Seldom,Sometimes
Seldom,Sometimes
Seldom,Sometimes
Seldom,Sometimes
Seldom,Sometimes
Seldom,Sometimes
Seldom,Sometimes
Seldom,Sometimes
Seldom,Sometimes
Seldom,Sometimes
Seldom,Sometimes
Seldom,Sometimes
Seldom,Sometimes
Seldom,Sometimes
Seldom,Sometimes
Seldom,Sometimes
Seldom,Sometimes
Seldom,Sometimes
Seldom,Sometimes
Seldom,Sometimes
Seldom,Sometimes
Seldom,Sometimes
Seldom,Sometimes
Seldom,Sometimes
Seldom,Sometimes
Seldom,Sometimes
Seldom,Sometimes
Seldom,Sometimes
Seldom,Sometimes
Seldom,Sometimes
Seldom,Sometimes
Seldom,Sometimes
Seldom,Sometimes
Seldom,Sometimes
Seldom,Sometimes
Seldom,Sometimes
Seldom,Sometimes
Seldom,Sometimes
Seldom,Sometimes
Seldom,Sometimes
Seldom,Sometimes
Seldom,Sometimes
Seldom,Sometimes
Seldom,Sometimes
Seldom,Sometimes
Seldom,Sometimes
Seldom,Sometimes
Seldom,Sometimes
Seldom,Sometimes
Seldom,Sometimes
Seldom,Sometimes
Seldom,Sometimes
Seldom,Sometimes
Seldom,Sometimes
Seldom,Sometimes
Seldom,Sometimes
Seldom,Sometimes
Seldom,Sometimes
Seldom,Sometimes
Seldom,Sometimes
Seldom,Sometimes
Seldom,Sometimes
Seldom,Sometimes
Seldom,Sometimes
Seldom,Sometimes
Seldom,Sometimes
Seldom,Sometimes
Seldom,Sometimes
Seldom,Sometimes
Seldom,Sometimes
Seldom,Sometimes
Seldom,Sometimes
Seldom,Sometimes
Seldom,Sometimes
Seldom,Sometimes
Seldom,Sometimes
Seldom,Sometimes
Seldom,Sometimes
Seldom,Sometimes
Seldom,Sometimes
Seldom,Sometimes
Seldom,Sometimes
Seldom,Sometimes
Seldom,Sometimes
Seldom,Sometimes
Seldom,Sometimes
Seldom,Sometimes
Seldom,Sometimes
Seldom,Usually
Seldom,Usually
Seldom,Usually
Seldom,Usually
Seldom,Usually
Seldom,Usually
Seldom,Usually
Seldom,Usually
Seldom,Usually
Seldom,Usually
Seldom,Usually
Seldom,Usually
Seldom,Usually
Seldom,Usually
Seldom,Usually
Seldom,Usually
Seldom,Usually
Seldom,Usually
Seldom,Usually
Seldom,Usually
Seldom,Usually
Seldom,Usually
Seldom,Usually
Seldom,Usually
Seldom,Usually
Seldom,Usually
Seldom,Usually
Seldom,Usually
Seldom,Usually
Seldom,Usually
Seldom,Usually
Seldom,Usually
Seldom,Usually
Seldom,Usually
Seldom,Usually
Seldom,Usually
Seldom,Usually
Seldom,Usually
Seldom,Usually
Seldom,Usually
Seldom,Usually
Seldom,Usually
Seldom,Usually
Seldom,Usually
Seldom,Usually
Seldom,Usually
Seldom,Usually
Seldom,Usually
Seldom,Usually
Seldom,Usually
Seldom,Usually
Seldom,Usually
Seldom,Usually
Seldom,Usually
Seldom,Usually
Seldom,Usually
Seldom,Usually
Seldom,Usually
Seldom,Usually
Seldom,Usually
Seldom,Usually
Seldom,Usually
Seldom,Usually
Seldom,Usually
Seldom,Usually
Seldom,Usually
Seldom,Usually
Seldom,Usually
Seldom,Usually
Seldom,Usually
Seldom,Usually
Seldom,Usually
Seldom,Usually
Seldom,Usually
Seldom,Usually
Seldom,Usually
Seldom,Usually
Seldom,Usually
Seldom,Usually
Seldom,Usually
Seldom,Usually
Seldom,Usually
Seldom,Usually
Seldom,Usually
Seldom,Usually
Seldom,Usually
Seldom,Usually
Seldom,Usually
Seldom,Usually
Seldom,Usually
Seldom,Usually
Seldom,Usually
Seldom,Usually
Seldom,Usually
Seldom,Usually
Seldom,Usually
Seldom,Usually
Seldom,Usually
Seldom,Usually
Seldom,Usually
Sometimes,Seldom
Sometimes,Seldom
Sometimes,Seldom
Sometimes,Seldom
Sometimes,Seldom
Sometimes,Seldom
Sometimes,Seldom
Sometimes,Seldom
Sometimes,Seldom
Sometimes,Seldom
Sometimes,Seldom
Sometimes,Seldom
Sometimes,Seldom
Sometimes,Seldom
Sometimes,Seldom
Sometimes,Seldom
Sometimes,Seldom
Sometimes,Seldom
Sometimes,Seldom
Sometimes,Seldom
Sometimes,Seldom
Sometimes,Seldom
Sometimes,Seldom
Sometimes,Seldom
Sometimes,Seldom
Sometimes,Seldom
Sometimes,Seldom
Sometimes,Seldom
Sometimes,Seldom
Sometimes,Seldom
Sometimes,Seldom
Sometimes,Seldom
Sometimes,Seldom
Sometimes,Seldom
Sometimes,Seldom
Sometimes,Seldom
Sometimes,Seldom
Sometimes,Seldom
Sometimes,Seldom
Sometimes,Seldom
Sometimes,Seldom
Sometimes,Seldom
Sometimes,Seldom
Sometimes,Seldom
Sometimes,Seldom
Sometimes,Seldom
Sometimes,Seldom
Sometimes,Seldom
Sometimes,Seldom
Sometimes,Seldom
Sometimes,Seldom
Sometimes,Seldom
Sometimes,Seldom
Sometimes,Seldom
Sometimes,Seldom
Sometimes,Seldom
Sometimes,Seldom
Sometimes,Seldom
Sometimes,Seldom
Sometimes,Seldom
Sometimes,Seldom
Sometimes,Seldom
Sometimes,Seldom
Sometimes,Seldom
Sometimes,Seldom
Sometimes,Seldom
Sometimes,Seldom
Sometimes,Seldom
Sometimes,Seldom
Sometimes,Seldom
Sometimes,Seldom
Sometimes,Seldom
Sometimes,Seldom
Sometimes,Seldom
Sometimes,Seldom
Sometimes,Seldom
Sometimes,Seldom
Sometimes,Seldom
Sometimes,Seldom
Sometimes,Seldom
Sometimes,Seldom
Sometimes,Seldom
Sometimes,Seldom
Sometimes,Seldom
Sometimes,Seldom
Sometimes,Seldom
Sometimes,Seldom
Sometimes,Seldom
Sometimes,Seldom
Sometimes,Seldom
Sometimes,Seldom
Sometimes,Seldom
Sometimes,Seldom
Sometimes,Seldom
Sometimes,Seldom
Sometimes,Seldom
Sometimes,Seldom
Sometimes,Seldom
Sometimes,Seldom
Sometimes,Seldom
Sometimes,Seldom
Sometimes,Seldom
Sometimes,Seldom
Sometimes,Seldom
Sometimes,Seldom
Sometimes,Seldom
Sometimes,Seldom
Sometimes,Seldom
Sometimes,Seldom
Sometimes,Seldom
Sometimes,Seldom
Sometimes,Seldom
Sometimes,Seldom
Sometimes,Seldom
Sometimes,Seldom
Sometimes,Seldom
Sometimes,Seldom
Sometimes,Seldom
Sometimes,Seldom
Sometimes,Seldom
Sometimes,Seldom
Sometimes,Seldom
Sometimes,Seldom
Sometimes,Seldom
Sometimes,Seldom
Sometimes,Seldom
Sometimes,Seldom
Sometimes,Seldom
Sometimes,Seldom
Sometimes,Seldom
Sometimes,Seldom
Sometimes,Seldom
Sometimes,Seldom
Sometimes,Seldom
Sometimes,Seldom
Sometimes,Seldom
Sometimes,Seldom
Sometimes,Seldom
Sometimes,Seldom
Sometimes,Seldom
Sometimes,Seldom
Sometimes,Seldom
Sometimes,Seldom
Sometimes,Seldom
Sometimes,Seldom
Sometimes,Seldom
Sometimes,Seldom
Sometimes,Seldom
Sometimes,Seldom
Sometimes,Seldom
Sometimes,Seldom
Sometimes,Seldom
Sometimes,Seldom
Sometimes,Seldom
Sometimes,Seldom
Sometimes,Seldom
Sometimes,Seldom
Sometimes,Seldom
Sometimes,Seldom
Sometimes,Seldom
Sometimes,Seldom
Sometimes,Seldom
Sometimes,Seldom
Sometimes,Seldom
Sometimes,Seldom
Sometimes,Seldom
Sometimes,Seldom
Sometimes,Seldom
Sometimes,Seldom
Sometimes,Seldom
Sometimes,Seldom
Sometimes,Seldom
Sometimes,Seldom
Sometimes,Seldom
Sometimes,Seldom
Sometimes,Seldom
Sometimes,Seldom
Sometimes,Seldom
Sometimes,Seldom
Sometimes,Sometimes
Sometimes,Sometimes
Sometimes,Sometimes
Sometimes,Sometimes
Sometimes,Sometimes
Sometimes,Sometimes
Sometimes,Sometimes
Sometimes,Sometimes
Sometimes,Sometimes
Sometimes,Sometimes
Sometimes,Sometimes
Sometimes,Sometimes
Sometimes,Sometimes
Sometimes,Sometimes
Sometimes,Sometimes
Sometimes,Sometimes
Sometimes,Sometimes
Sometimes,Sometimes
Sometimes,Sometimes
Sometimes,Sometimes
Sometimes,Sometimes
Sometimes,Sometimes
Sometimes,Sometimes
Sometimes,Sometimes
Sometimes,Sometimes
Sometimes,Sometimes
Sometimes,Sometimes
Sometimes,Sometimes
Sometimes,Sometimes
Sometimes,Sometimes
Sometimes,Sometimes
Sometimes,Sometimes
Sometimes,Sometimes
Sometimes,Sometimes
Sometimes,Sometimes
Sometimes,Sometimes
Sometimes,Sometimes
Sometimes,Sometimes
Sometimes,Sometimes
Sometimes,Sometimes
Sometimes,Sometimes
Sometimes,Sometimes
Sometimes,Sometimes
Sometimes,Sometimes
Sometimes,Sometimes
Sometimes,Sometimes
Sometimes,Sometimes
Sometimes,Sometimes
Sometimes,Sometimes
Sometimes,Sometimes
Sometimes,Sometimes
Sometimes,Sometimes
Sometimes,Sometimes
Sometimes,Sometimes
Sometimes,Sometimes
Sometimes,Sometimes
Sometimes,Sometimes
Sometimes,Sometimes
Sometimes,Sometimes
Sometimes,Sometimes
Sometimes,Sometimes
Sometimes,Sometimes
Sometimes,Sometimes
Sometimes,Sometimes
Sometimes,Sometimes
Sometimes,Sometimes
Sometimes,Sometimes
Sometimes,Sometimes
Sometimes,Sometimes
Sometimes,Sometimes
Sometimes,Sometimes
Sometimes,Sometimes
Sometimes,Sometimes
Sometimes,Sometimes
Sometimes,Sometimes
Sometimes,Sometimes
Sometimes,Sometimes
Sometimes,Sometimes
Sometimes,Sometimes
Sometimes,Sometimes
Sometimes,Sometimes
Sometimes,Sometimes
Sometimes,Sometimes
Sometimes,Sometimes
Sometimes,Sometimes
Sometimes,Sometimes
Sometimes,Sometimes
Sometimes,Sometimes
Sometimes,Sometimes
Sometimes,Usually
Sometimes,Usually
Sometimes,Usually
Sometimes,Usually
Sometimes,Usually
Sometimes,Usually
Sometimes,Usually
Sometimes,Usually
Sometimes,Usually
Sometimes,Usually
Sometimes,Usually
Sometimes,Usually
Sometimes,Usually
Sometimes,Usually
Sometimes,Usually
Sometimes,Usually
Sometimes,Usually
Sometimes,Usually
Sometimes,Usually
Sometimes,Usually
Sometimes,Usually
Sometimes,Usually
Sometimes,Usually
Sometimes,Usually
Sometimes,Usually
Sometimes,Usually
Sometimes,Usually
Sometimes,Usually
Sometimes,Usually
Sometimes,Usually
Sometimes,Usually
Sometimes,Usually
Sometimes,Usually
Usually,Seldom
Usually,Seldom
Usually,Seldom
Usually,Seldom
Usually,Seldom
Usually,Seldom
Usually,Seldom
Usually,Seldom
Usually,Seldom
Usually,Seldom
Usually,Seldom
Usually,Seldom
Usually,Seldom
Usually,Seldom
Usually,Seldom
Usually,Seldom
Usually,Seldom
Usually,Seldom
Usually,Seldom
Usually,Seldom
Usually,Seldom
Usually,Seldom
Usually,Seldom
Usually,Seldom
Usually,Seldom
Usually,Seldom
Usually,Seldom
Usually,Seldom
Usually,Seldom
Usually,Seldom
Usually,Seldom
Usually,Seldom
Usually,Seldom
Usually,Seldom
Usually,Seldom
Usually,Seldom
Usually,Seldom
Usually,Seldom
Usually,Seldom
Usually,Seldom
Usually,Seldom
Usually,Seldom
Usually,Seldom
Usually,Seldom
Usually,Seldom
Usually,Seldom
Usually,Seldom
Usually,Seldom
Usually,Seldom
Usually,Seldom
Usually,Seldom
Usually,Seldom
Usually,Seldom
Usually,Seldom
Usually,Seldom
Usually,Seldom
Usually,Seldom
Usually,Seldom
Usually,Seldom
Usually,Seldom
Usually,Seldom
Usually,Seldom
Usually,Seldom
Usually,Seldom
Usually,Seldom
Usually,Seldom
Usually,Seldom
Usually,Seldom
Usually,Seldom
Usually,Seldom
Usually,Seldom
Usually,Seldom
Usually,Seldom
Usually,Seldom
Usually,Seldom
Usually,Seldom
Usually,Seldom
Usually,Seldom
Usually,Seldom
Usually,Seldom
Usually,Seldom
Usually,Seldom
Usually,Seldom
Usually,Seldom
Usually,Seldom
Usually,Seldom
Usually,Seldom
Usually,Seldom
Usually,Seldom
Usually,Seldom
Usually,Seldom
Usually,Seldom
Usually,Seldom
Usually,Seldom
Usually,Seldom
Usually,Seldom
Usually,Seldom
Usually,Seldom
Usually,Seldom
Usually,Seldom
Usually,Seldom
Usually,Seldom
Usually,Seldom
Usually,Seldom
Usually,Seldom
Usually,Seldom
Usually,Seldom
Usually,Seldom
Usually,Seldom
Usually,Seldom
Usually,Seldom
Usually,Seldom
Usually,Seldom
Usually,Seldom
Usually,Seldom
Usually,Seldom
Usually,Seldom
Usually,Seldom
Usually,Seldom
Usually,Seldom
Usually,Seldom
Usually,Seldom
Usually,Seldom
Usually,Seldom
Usually,Seldom
Usually,Seldom
Usually,Seldom
Usually,Seldom
Usually,Seldom
Usually,Seldom
Usually,Seldom
Usually,Seldom
Usually,Seldom
Usually,Seldom
Usually,Seldom
Usually,Seldom
Usually,Seldom
Usually,Seldom
Usually,Seldom
Usually,Seldom
Usually,Seldom
Usually,Seldom
Usually,Seldom
Usually,Seldom
Usually,Seldom
Usually,Seldom
Usually,Seldom
Usually,Seldom
Usually,Seldom
Usually,Seldom
Usually,Seldom
Usually,Seldom
Usually,Seldom
Usually,Seldom
Usually,Seldom
Usually,Seldom
Usually,Seldom
Usually,Seldom
Usually,Seldom
Usually,Seldom
Usually,Seldom
Usually,Seldom
Usually,Seldom
Usually,Seldom
Usually,Seldom
Usually,Seldom
Usually,Seldom
Usually,Seldom
Usually,Seldom
Usually,Seldom
Usually,Seldom
Usually,Seldom
Usually,Seldom
Usually,Seldom
Usually,Seldom
Usually,Seldom
Usually,Seldom
Usually,Seldom
Usually,Seldom
Usually,Seldom
Usually,Seldom
Usually,Seldom
Usually,Seldom
Usually,Seldom
Usually,Seldom
Usually,Seldom
Usually,Seldom
Usually,Seldom
Usually,Seldom
Usually,Seldom
Usually,Seldom
Usually,Seldom
Usually,Seldom
Usually,Seldom
Usually,Seldom
Usually,Seldom
Usually,Seldom
Usually,Seldom
Usually,Seldom
Usually,Seldom
Usually,Seldom
Usually,Seldom
Usually,Sometimes
Usually,Sometimes
Usually,Sometimes
Usually,Sometimes
Usually,Sometimes
Usually,Sometimes
Usually,Sometimes
Usually,Sometimes
Usually,Sometimes
Usually,Sometimes
Usually,Sometimes
Usually,Sometimes
Usually,Sometimes
Usually,Sometimes
Usually,Sometimes
Usually,Sometimes
Usually,Sometimes
Usually,Sometimes
Usually,Sometimes
Usually,Sometimes
Usually,Sometimes
Usually,Sometimes
Usually,Sometimes
Usually,Sometimes
Usually,Sometimes
Usually,Sometimes
Usually,Sometimes
Usually,Sometimes
Usually,Sometimes
Usually,Sometimes
Usually,Sometimes
Usually,Sometimes
Usually,Sometimes
Usually,Sometimes
Usually,Sometimes
Usually,Sometimes
Usually,Sometimes
Usually,Sometimes
Usually,Sometimes
Usually,Sometimes
Usually,Sometimes
Usually,Sometimes
Usually,Sometimes
Usually,Sometimes
Usually,Sometimes
Usually,Sometimes
Usually,Sometimes
Usually,Sometimes
Usually,Sometimes
Usually,Sometimes
Usually,Sometimes
Usually,Sometimes
Usually,Sometimes
Usually,Sometimes
Usually,Sometimes
Usually,Sometimes
Usually,Sometimes
Usually,Sometimes
Usually,Sometimes
Usually,Sometimes
Usually,Sometimes
Usually,Sometimes
Usually,Sometimes
Usually,Sometimes
Usually,Sometimes
Usually,Sometimes
Usually,Sometimes
Usually,Sometimes
Usually,Sometimes
Usually,Sometimes
Usually,Sometimes
Usually,Sometimes
Usually,Sometimes
Usually,Sometimes
Usually,Sometimes
Usually,Sometimes
Usually,Sometimes
Usually,Sometimes
Usually,Sometimes
Usually,Sometimes
Usually,Sometimes
Usually,Sometimes
Usually,Sometimes
Usually,Sometimes
Usually,Sometimes
Usually,Sometimes
Usually,Sometimes
Usually,Sometimes
Usually,Sometimes
Usually,Sometimes
Usually,Sometimes
Usually,Sometimes
Usually,Sometimes
Usually,Sometimes
Usually,Sometimes
Usually,Sometimes
Usually,Sometimes
Usually,Sometimes
Usually,Sometimes
Usually,Sometimes
Usually,Sometimes
Usually,Sometimes
Usually,Sometimes
Usually,Sometimes
Usually,Sometimes
Usually,Sometimes
Usually,Sometimes
Usually,Sometimes
Usually,Sometimes
Usually,Usually
Usually,Usually
Usually,Usually
Usually,Usually
Usually,Usually
Usually,Usually
Usually,Usually
Usually,Usually
Usually,Usually
Usually,Usually
Usually,Usually
Usually,Usually
Usually,Usually
Usually,Usually
Usually,Usually
Usually,Usually
Usually,Usually
Usually,Usually
Usually,Usually
Usually,Usually
Usually,Usually
Usually,Usually
Usually,Usually
Usually,Usually
Usually,Usually
Usually,Usually
Usually,Usually
Usually,Usually
Usually,Usually
Usually,Usually
Usually,Usually
Usually,Usually
Usually,Usually
Usually,Usually
Usually,Usually
Usually,Usually
Usually,Usually
Usually,Usually
Usually,Usually
Usually,Usually
Usually,Usually
Usually,Usually
Usually,Usually
Usually,Usually
Usually,Usually
Usually,Usually
Usually,Usually
Usually,Usually
Usually,Usually
Usually,Usually
Usually,Usually
Usually,Usually
Usually,Usually
Usually,Usually
Usually,Usually
Usually,Usually
Usually,Usually
Usually,Usually
Usually,Usually
Usually,Usually
Usually,Usually
Usually,Usually
Usually,Usually
Usually,Usually
Usually,Usually
Usually,Usually
Usually,Usually
Usually,Usually
Usually,Usually
Usually,Usually
Usually,Usually
Usually,Usually
Usually,Usually
Usually,Usually
Usually,Usually
Usually,Usually
Usually,Usually
Usually,Usually
Usually,Usually
Usually,Usually
Usually,Usually
Usually,Usually
Usually,Usually
Usually,Usually
Usually,Usually
Usually,Usually
Usually,Usually
Usually,Usually
Usually,Usually
Usually,Usually
Usually,Usually
Usually,Usually
Usually,Usually
Usually,Usually
Usually,Usually
Usually,Usually
Usually,Usually
Usually,Usually
Usually,Usually
Usually,Usually
