Student,Parent
Non-Smoker,Neither
Non-Smoker,Neither
Non-Smoker,Neither
Non-Smoker,Neither
Non-Smoker,Neither
Non-Smoker,Neither
Non-Smoker,Neither
Non-Smoker,Neither
Non-Smoker,Neither
Non-Smoker,Neither
Non-Smoker,Neither
Non-Smoker,Neither
Non-Smoker,Neither
Non-Smoker,Neither
Non-Smoker,Neither
Non-Smoker,Neither
Non-Smoker,Neither
Non-Smoker,Neither
Non-Smoker,Neither
Non-Smoker,Neither
Non-Smoker,Neither
Non-Smoker,Neither
Non-Smoker,Neither
Non-Smoker,Neither
Non-Smoker,Neither
Non-Smoker,Neither
Non-Smoker,Neither
Non-Smoker,Neither
Non-Smoker,Neither
Non-Smoker,Neither
Non-Smoker,Neither
Non-Smoker,Neither
Non-Smoker,Neither
Non-Smoker,Neither
Non-Smoker,Neither
Non-Smoker,Neither
Non-Smoker,Neither
Non-Smoker,Neither
Non-Smoker,Neither
Non-Smoker,Neither
Non-Smoker,Neither
Non-Smoker,Neither
Non-Smoker,Neither
Non-Smoker,Neither
Non-Smoker,Neither
Non-Smoker,Neither
Non-Smoker,Neither
Non-Smoker,Neither
Non-Smoker,Neither
Non-Smoker,Neither
Non-Smoker,Neither
Non-Smoker,Neither
Non-Smoker,Neither
Non-Smoker,Neither
Non-Smoker,Neither
Non-Smoker,Neither
Non-Smoker,Neither
Non-Smoker,Neither
Non-Smoker,Neither
Non-Smoker,Neither
Non-Smoker,Neither
Non-Smoker,Neither
Non-Smoker,Neither
Non-Smoker,Neither
Non-Smoker,Neither
Non-Smoker,Neither
Non-Smoker,Neither
Non-Smoker,Neither
Non-Smoker,Neither
Non-Smoker,Neither
Non-Smoker,Neither
Non-Smoker,Neither
Non-Smoker,Neither
Non-Smoker,Neither
Non-Smoker,Neither
Non-Smoker,Neither
Non-Smoker,Neither
Non-Smoker,Neither
Non-Smoker,Neither
Non-Smoker,Neither
Non-Smoker,Neither
Non-Smoker,Neither
Non-Smoker,Neither
Non-Smoker,Neither
Non-Smoker,Neither
Non-Smoker,Neither
Non-Smoker,Neither
Non-Smoker,Neither
Non-Smoker,Neither
Non-Smoker,Neither
Non-Smoker,Neither
Non-Smoker,Neither
Non-Smoker,Neither
Non-Smoker,Neither
Non-Smoker,Neither
Non-Smoker,Neither
Non-Smoker,Neither
Non-Smoker,Neither
Non-Smoker,Neither
Non-Smoker,Neither
Non-Smoker,Neither
Non-Smoker,Neither
Non-Smoker,Neither
Non-Smoker,Neither
Non-Smoker,Neither
Non-Smoker,Neither
Non-Smoker,Neither
Non-Smoker,Neither
Non-Smoker,Neither
Non-Smoker,Neither
Non-Smoker,Neither
Non-Smoker,Neither
Non-Smoker,Neither
Non-Smoker,Neither
Non-Smoker,Neither
Non-Smoker,Neither
Non-Smoker,Neither
Non-Smoker,Neither
Non-Smoker,Neither
Non-Smoker,Neither
Non-Smoker,Neither
Non-Smoker,Neither
Non-Smoker,Neither
Non-Smoker,Neither
Non-Smoker,Neither
Non-Smoker,Neither
Non-Smoker,Neither
Non-Smoker,Neither
Non-Smoker,Neither
Non-Smoker,Neither
Non-Smoker,Neither
Non-Smoker,Neither
Non-Smoker,Neither
Non-Smoker,Neither
Non-Smoker,Neither
Non-Smoker,Neither
Non-Smoker,Neither
Non-Smoker,Neither
Non-Smoker,Neither
Non-Smoker,Neither
Non-Smoker,Neither
Non-Smoker,Neither
Non-Smoker,Neither
Non-Smoker,Neither
Non-Smoker,Neither
Non-Smoker,Neither
Non-Smoker,Neither
Non-Smoker,Neither
Non-Smoker,Neither
Non-Smoker,Neither
Non-Smoker,Neither
Non-Smoker,Neither
Non-Smoker,Neither
Non-Smoker,Neither
Non-Smoker,Neither
Non-Smoker,Neither
Non-Smoker,Neither
Non-Smoker,Neither
Non-Smoker,Neither
Non-Smoker,Neither
Non-Smoker,Neither
Non-Smoker,Neither
Non-Smoker,Neither
Non-Smoker,Neither
Non-Smoker,Neither
Non-Smoker,Neither
Non-Smoker,Neither
Non-Smoker,Neither
Non-Smoker,Neither
Non-Smoker,Neither
Non-Smoker,Neither
Non-Smoker,Neither
Non-Smoker,Neither
Non-Smoker,Neither
Non-Smoker,Neither
Non-Smoker,Neither
Non-Smoker,Neither
Non-Smoker,Neither
Non-Smoker,Neither
Non-Smoker,Neither
Non-Smoker,Neither
Non-Smoker,Neither
Non-Smoker,Neither
Non-Smoker,Neither
Non-Smoker,Neither
Non-Smoker,Neither
Non-Smoker,Neither
Non-Smoker,Neither
Non-Smoker,Neither
Non-Smoker,Neither
Non-Smoker,Neither
Non-Smoker,Neither
Non-Smoker,Neither
Non-Smoker,Neither
Non-Smoker,Neither
Non-Smoker,Neither
Non-Smoker,Neither
Non-Smoker,Neither
Non-Smoker,Neither
Non-Smoker,Neither
Non-Smoker,Neither
Non-Smoker,Neither
Non-Smoker,Neither
Non-Smoker,Neither
Non-Smoker,Neither
Non-Smoker,Neither
Non-Smoker,Neither
Non-Smoker,Neither
Non-Smoker,Neither
Non-Smoker,Neither
Non-Smoker,Neither
Non-Smoker,Neither
Non-Smoker,Neither
Non-Smoker,Neither
Non-Smoker,Neither
Non-Smoker,Neither
Non-Smoker,Neither
Non-Smoker,Neither
Non-Smoker,Neither
Non-Smoker,Neither
Non-Smoker,Neither
Non-Smoker,Neither
Non-Smoker,Neither
Non-Smoker,Neither
Non-Smoker,Neither
Non-Smoker,Neither
Non-Smoker,Neither
Non-Smoker,Neither
Non-Smoker,Neither
Non-Smoker,Neither
Non-Smoker,Neither
Non-Smoker,Neither
Non-Smoker,Neither
Non-Smoker,Neither
Non-Smoker,Neither
Non-Smoker,Neither
Non-Smoker,Neither
Non-Smoker,Neither
Non-Smoker,Neither
Non-Smoker,Neither
Non-Smoker,Neither
Non-Smoker,Neither
Non-Smoker,Neither
Non-Smoker,Neither
Non-Smoker,Neither
Non-Smoker,Neither
Non-Smoker,Neither
Non-Smoker,Neither
Non-Smoker,Neither
Non-Smoker,Neither
Non-Smoker,Neither
Non-Smoker,Neither
Non-Smoker,Neither
Non-Smoker,Neither
Non-Smoker,Neither
Non-Smoker,Neither
Non-Smoker,Neither
Non-Smoker,Neither
Non-Smoker,Neither
Non-Smoker,Neither
Non-Smoker,Neither
Non-Smoker,Neither
Non-Smoker,Neither
Non-Smoker,Neither
Non-Smoker,Neither
Non-Smoker,Neither
Non-Smoker,Neither
Non-Smoker,Neither
Non-Smoker,Neither
Non-Smoker,Neither
Non-Smoker,Neither
Non-Smoker,Neither
Non-Smoker,Neither
Non-Smoker,Neither
Non-Smoker,Neither
Non-Smoker,Neither
Non-Smoker,Neither
Non-Smoker,Neither
Non-Smoker,Neither
Non-Smoker,Neither
Non-Smoker,Neither
Non-Smoker,Neither
Non-Smoker,Neither
Non-Smoker,Neither
Non-Smoker,Neither
Non-Smoker,Neither
Non-Smoker,Neither
Non-Smoker,Neither
Non-Smoker,Neither
Non-Smoker,Neither
Non-Smoker,Neither
Non-Smoker,Neither
Non-Smoker,Neither
Non-Smoker,Neither
Non-Smoker,Neither
Non-Smoker,Neither
Non-Smoker,Neither
Non-Smoker,Neither
Non-Smoker,Neither
Non-Smoker,Neither
Non-Smoker,Neither
Non-Smoker,Neither
Non-Smoker,Neither
Non-Smoker,Neither
Non-Smoker,Neither
Non-Smoker,Neither
Non-Smoker,Neither
Non-Smoker,Neither
Non-Smoker,Neither
Non-Smoker,Neither
Non-Smoker,Neither
Non-Smoker,Neither
Non-Smoker,Neither
Non-Smoker,Neither
Non-Smoker,Neither
Non-Smoker,Neither
Non-Smoker,Neither
Non-Smoker,Neither
Non-Smoker,Neither
Non-Smoker,Neither
Non-Smoker,Neither
Non-Smoker,Neither
Non-Smoker,Neither
Non-Smoker,Neither
Non-Smoker,Neither
Non-Smoker,Neither
Non-Smoker,Neither
Non-Smoker,Neither
Non-Smoker,Neither
Non-Smoker,Neither
Non-Smoker,Neither
Non-Smoker,Neither
Non-Smoker,Neither
Non-Smoker,Neither
Non-Smoker,Neither
Non-Smoker,Neither
Non-Smoker,Neither
Non-Smoker,Neither
Non-Smoker,Neither
Non-Smoker,Neither
Non-Smoker,Neither
Non-Smoker,Neither
Non-Smoker,Neither
Non-Smoker,Neither
Non-Smoker,Neither
Non-Smoker,Neither
Non-Smoker,Neither
Non-Smoker,Neither
Non-Smoker,Neither
Non-Smoker,Neither
Non-Smoker,Neither
Non-Smoker,Neither
Non-Smoker,Neither
Non-Smoker,Neither
Non-Smoker,Neither
Non-Smoker,Neither
Non-Smoker,Neither
Non-Smoker,Neither
Non-Smoker,Neither
Non-Smoker,Neither
Non-Smoker,Neither
Non-Smoker,Neither
Non-Smoker,Neither
Non-Smoker,Neither
Non-Smoker,Neither
Non-Smoker,Neither
Non-Smoker,Neither
Non-Smoker,Neither
Non-Smoker,Neither
Non-Smoker,Neither
Non-Smoker,Neither
Non-Smoker,Neither
Non-Smoker,Neither
Non-Smoker,Neither
Non-Smoker,Neither
Non-Smoker,Neither
Non-Smoker,Neither
Non-Smoker,Neither
Non-Smoker,Neither
Non-Smoker,Neither
Non-Smoker,Neither
Non-Smoker,Neither
Non-Smoker,Neither
Non-Smoker,Neither
Non-Smoker,Neither
Non-Smoker,Neither
Non-Smoker,Neither
Non-Smoker,Neither
Non-Smoker,Neither
Non-Smoker,Neither
Non-Smoker,Neither
Non-Smoker,Neither
Non-Smoker,Neither
Non-Smoker,Neither
Non-Smoker,Neither
Non-Smoker,Neither
Non-Smoker,Neither
Non-Smoker,Neither
Non-Smoker,Neither
Non-Smoker,Neither
Non-Smoker,Neither
Non-Smoker,Neither
Non-Smoker,Neither
Non-Smoker,Neither
Non-Smoker,Neither
Non-Smoker,Neither
Non-Smoker,Neither
Non-Smoker,Neither
Non-Smoker,Neither
Non-Smoker,Neither
Non-Smoker,Neither
Non-Smoker,Neither
Non-Smoker,Neither
Non-Smoker,Neither
Non-Smoker,Neither
Non-Smoker,Neither
Non-Smoker,Neither
Non-Smoker,Neither
Non-Smoker,Neither
Non-Smoker,Neither
Non-Smoker,Neither
Non-Smoker,Neither
Non-Smoker,Neither
Non-Smoker,Neither
Non-Smoker,Neither
Non-Smoker,Neither
Non-Smoker,Neither
Non-Smoker,Neither
Non-Smoker,Neither
Non-Smoker,Neither
Non-Smoker,Neither
Non-Smoker,Neither
Non-Smoker,Neither
Non-Smoker,Neither
Non-Smoker,Neither
Non-Smoker,Neither
Non-Smoker,Neither
Non-Smoker,Neither
Non-Smoker,Neither
Non-Smoker,Neither
Non-Smoker,Neither
Non-Smoker,Neither
Non-Smoker,Neither
Non-Smoker,Neither
Non-Smoker,Neither
Non-Smoker,Neither
Non-Smoker,Neither
Non-Smoker,Neither
Non-Smoker,Neither
Non-Smoker,Neither
Non-Smoker,Neither
Non-Smoker,Neither
Non-Smoker,Neither
Non-Smoker,Neither
Non-Smoker,Neither
Non-Smoker,Neither
Non-Smoker,Neither
Non-Smoker,Neither
Non-Smoker,Neither
Non-Smoker,Neither
Non-Smoker,Neither
Non-Smoker,Neither
Non-Smoker,Neither
Non-Smoker,Neither
Non-Smoker,Neither
Non-Smoker,Neither
Non-Smoker,Neither
Non-Smoker,Neither
Non-Smoker,Neither
Non-Smoker,Neither
Non-Smoker,Neither
Non-Smoker,Neither
Non-Smoker,Neither
Non-Smoker,Neither
Non-Smoker,Neither
Non-Smoker,Neither
Non-Smoker,Neither
Non-Smoker,Neither
Non-Smoker,Neither
Non-Smoker,Neither
Non-Smoker,Neither
Non-Smoker,Neither
Non-Smoker,Neither
Non-Smoker,Neither
Non-Smoker,Neither
Non-Smoker,Neither
Non-Smoker,Neither
Non-Smoker,Neither
Non-Smoker,Neither
Non-Smoker,Neither
Non-Smoker,Neither
Non-Smoker,Neither
Non-Smoker,Neither
Non-Smoker,Neither
Non-Smoker,Neither
Non-Smoker,Neither
Non-Smoker,Neither
Non-Smoker,Neither
Non-Smoker,Neither
Non-Smoker,Neither
Non-Smoker,Neither
Non-Smoker,Neither
Non-Smoker,Neither
Non-Smoker,Neither
Non-Smoker,Neither
Non-Smoker,Neither
Non-Smoker,Neither
Non-Smoker,Neither
Non-Smoker,Neither
Non-Smoker,Neither
Non-Smoker,Neither
Non-Smoker,Neither
Non-Smoker,Neither
Non-Smoker,Neither
Non-Smoker,Neither
Non-Smoker,Neither
Non-Smoker,Neither
Non-Smoker,Neither
Non-Smoker,Neither
Non-Smoker,Neither
Non-Smoker,Neither
Non-Smoker,Neither
Non-Smoker,Neither
Non-Smoker,Neither
Non-Smoker,Neither
Non-Smoker,Neither
Non-Smoker,Neither
Non-Smoker,Neither
Non-Smoker,Neither
Non-Smoker,Neither
Non-Smoker,Neither
Non-Smoker,Neither
Non-Smoker,Neither
Non-Smoker,Neither
Non-Smoker,Neither
Non-Smoker,Neither
Non-Smoker,Neither
Non-Smoker,Neither
Non-Smoker,Neither
Non-Smoker,Neither
Non-Smoker,Neither
Non-Smoker,Neither
Non-Smoker,Neither
Non-Smoker,Neither
Non-Smoker,Neither
Non-Smoker,Neither
Non-Smoker,Neither
Non-Smoker,Neither
Non-Smoker,Neither
Non-Smoker,Neither
Non-Smoker,Neither
Non-Smoker,Neither
Non-Smoker,Neither
Non-Smoker,Neither
Non-Smoker,Neither
Non-Smoker,Neither
Non-Smoker,Neither
Non-Smoker,Neither
Non-Smoker,Neither
Non-Smoker,Neither
Non-Smoker,Neither
Non-Smoker,Neither
Non-Smoker,Neither
Non-Smoker,Neither
Non-Smoker,Neither
Non-Smoker,Neither
Non-Smoker,Neither
Non-Smoker,Neither
Non-Smoker,Neither
Non-Smoker,Neither
Non-Smoker,Neither
Non-Smoker,Neither
Non-Smoker,Neither
Non-Smoker,Neither
Non-Smoker,Neither
Non-Smoker,Neither
Non-Smoker,Neither
Non-Smoker,Neither
Non-Smoker,Neither
Non-Smoker,Neither
Non-Smoker,Neither
Non-Smoker,Neither
Non-Smoker,Neither
Non-Smoker,Neither
Non-Smoker,Neither
Non-Smoker,Neither
Non-Smoker,Neither
Non-Smoker,Neither
Non-Smoker,Neither
Non-Smoker,Neither
Non-Smoker,Neither
Non-Smoker,Neither
Non-Smoker,Neither
Non-Smoker,Neither
Non-Smoker,Neither
Non-Smoker,Neither
Non-Smoker,Neither
Non-Smoker,Neither
Non-Smoker,Neither
Non-Smoker,Neither
Non-Smoker,Neither
Non-Smoker,Neither
Non-Smoker,Neither
Non-Smoker,Neither
Non-Smoker,Neither
Non-Smoker,Neither
Non-Smoker,Neither
Non-Smoker,Neither
Non-Smoker,Neither
Non-Smoker,Neither
Non-Smoker,Neither
Non-Smoker,Neither
Non-Smoker,Neither
Non-Smoker,Neither
Non-Smoker,Neither
Non-Smoker,Neither
Non-Smoker,Neither
Non-Smoker,Neither
Non-Smoker,Neither
Non-Smoker,Neither
Non-Smoker,Neither
Non-Smoker,Neither
Non-Smoker,Neither
Non-Smoker,Neither
Non-Smoker,Neither
Non-Smoker,Neither
Non-Smoker,Neither
Non-Smoker,Neither
Non-Smoker,Neither
Non-Smoker,Neither
Non-Smoker,Neither
Non-Smoker,Neither
Non-Smoker,Neither
Non-Smoker,Neither
Non-Smoker,Neither
Non-Smoker,Neither
Non-Smoker,Neither
Non-Smoker,Neither
Non-Smoker,Neither
Non-Smoker,Neither
Non-Smoker,Neither
Non-Smoker,Neither
Non-Smoker,Neither
Non-Smoker,Neither
Non-Smoker,Neither
Non-Smoker,Neither
Non-Smoker,Neither
Non-Smoker,Neither
Non-Smoker,Neither
Non-Smoker,Neither
Non-Smoker,Neither
Non-Smoker,Neither
Non-Smoker,Neither
Non-Smoker,Neither
Non-Smoker,Neither
Non-Smoker,Neither
Non-Smoker,Neither
Non-Smoker,Neither
Non-Smoker,Neither
Non-Smoker,Neither
Non-Smoker,Neither
Non-Smoker,Neither
Non-Smoker,Neither
Non-Smoker,Neither
Non-Smoker,Neither
Non-Smoker,Neither
Non-Smoker,Neither
Non-Smoker,Neither
Non-Smoker,Neither
Non-Smoker,Neither
Non-Smoker,Neither
Non-Smoker,Neither
Non-Smoker,Neither
Non-Smoker,Neither
Non-Smoker,Neither
Non-Smoker,Neither
Non-Smoker,Neither
Non-Smoker,Neither
Non-Smoker,Neither
Non-Smoker,Neither
Non-Smoker,Neither
Non-Smoker,Neither
Non-Smoker,Neither
Non-Smoker,Neither
Non-Smoker,Neither
Non-Smoker,Neither
Non-Smoker,Neither
Non-Smoker,Neither
Non-Smoker,Neither
Non-Smoker,Neither
Non-Smoker,Neither
Non-Smoker,Neither
Non-Smoker,Neither
Non-Smoker,Neither
Non-Smoker,Neither
Non-Smoker,Neither
Non-Smoker,Neither
Non-Smoker,Neither
Non-Smoker,Neither
Non-Smoker,Neither
Non-Smoker,Neither
Non-Smoker,Neither
Non-Smoker,Neither
Non-Smoker,Neither
Non-Smoker,Neither
Non-Smoker,Neither
Non-Smoker,Neither
Non-Smoker,Neither
Non-Smoker,Neither
Non-Smoker,Neither
Non-Smoker,Neither
Non-Smoker,Neither
Non-Smoker,Neither
Non-Smoker,Neither
Non-Smoker,Neither
Non-Smoker,Neither
Non-Smoker,Neither
Non-Smoker,Neither
Non-Smoker,Neither
Non-Smoker,Neither
Non-Smoker,Neither
Non-Smoker,Neither
Non-Smoker,Neither
Non-Smoker,Neither
Non-Smoker,Neither
Non-Smoker,Neither
Non-Smoker,Neither
Non-Smoker,Neither
Non-Smoker,Neither
Non-Smoker,Neither
Non-Smoker,Neither
Non-Smoker,Neither
Non-Smoker,Neither
Non-Smoker,Neither
Non-Smoker,Neither
Non-Smoker,Neither
Non-Smoker,Neither
Non-Smoker,Neither
Non-Smoker,Neither
Non-Smoker,Neither
Non-Smoker,Neither
Non-Smoker,Neither
Non-Smoker,Neither
Non-Smoker,Neither
Non-Smoker,Neither
Non-Smoker,Neither
Non-Smoker,Neither
Non-Smoker,Neither
Non-Smoker,Neither
Non-Smoker,Neither
Non-Smoker,Neither
Non-Smoker,Neither
Non-Smoker,Neither
Non-Smoker,Neither
Non-Smoker,Neither
Non-Smoker,Neither
Non-Smoker,Neither
Non-Smoker,Neither
Non-Smoker,Neither
Non-Smoker,Neither
Non-Smoker,Neither
Non-Smoker,Neither
Non-Smoker,Neither
Non-Smoker,Neither
Non-Smoker,Neither
Non-Smoker,Neither
Non-Smoker,Neither
Non-Smoker,Neither
Non-Smoker,Neither
Non-Smoker,Neither
Non-Smoker,Neither
Non-Smoker,Neither
Non-Smoker,Neither
Non-Smoker,Neither
Non-Smoker,Neither
Non-Smoker,Neither
Non-Smoker,Neither
Non-Smoker,Neither
Non-Smoker,Neither
Non-Smoker,Neither
Non-Smoker,Neither
Non-Smoker,Neither
Non-Smoker,Neither
Non-Smoker,Neither
Non-Smoker,Neither
Non-Smoker,Neither
Non-Smoker,Neither
Non-Smoker,Neither
Non-Smoker,Neither
Non-Smoker,Neither
Non-Smoker,Neither
Non-Smoker,Neither
Non-Smoker,Neither
Non-Smoker,Neither
Non-Smoker,Neither
Non-Smoker,Neither
Non-Smoker,Neither
Non-Smoker,Neither
Non-Smoker,Neither
Non-Smoker,Neither
Non-Smoker,Neither
Non-Smoker,Neither
Non-Smoker,Neither
Non-Smoker,Neither
Non-Smoker,Neither
Non-Smoker,Neither
Non-Smoker,Neither
Non-Smoker,Neither
Non-Smoker,Neither
Non-Smoker,Neither
Non-Smoker,Neither
Non-Smoker,Neither
Non-Smoker,Neither
Non-Smoker,Neither
Non-Smoker,Neither
Non-Smoker,Neither
Non-Smoker,Neither
Non-Smoker,Neither
Non-Smoker,Neither
Non-Smoker,Neither
Non-Smoker,Neither
Non-Smoker,Neither
Non-Smoker,Neither
Non-Smoker,Neither
Non-Smoker,Neither
Non-Smoker,Neither
Non-Smoker,Neither
Non-Smoker,Neither
Non-Smoker,Neither
Non-Smoker,Neither
Non-Smoker,Neither
Non-Smoker,Neither
Non-Smoker,Neither
Non-Smoker,Neither
Non-Smoker,Neither
Non-Smoker,Neither
Non-Smoker,Neither
Non-Smoker,Neither
Non-Smoker,Neither
Non-Smoker,Neither
Non-Smoker,Neither
Non-Smoker,Neither
Non-Smoker,Neither
Non-Smoker,Neither
Non-Smoker,Neither
Non-Smoker,Neither
Non-Smoker,Neither
Non-Smoker,Neither
Non-Smoker,Neither
Non-Smoker,Neither
Non-Smoker,Neither
Non-Smoker,Neither
Non-Smoker,Neither
Non-Smoker,Neither
Non-Smoker,Neither
Non-Smoker,Neither
Non-Smoker,Neither
Non-Smoker,Neither
Non-Smoker,Neither
Non-Smoker,Neither
Non-Smoker,Neither
Non-Smoker,Neither
Non-Smoker,Neither
Non-Smoker,Neither
Non-Smoker,Neither
Non-Smoker,Neither
Non-Smoker,Neither
Non-Smoker,Neither
Non-Smoker,Neither
Non-Smoker,Neither
Non-Smoker,Neither
Non-Smoker,Neither
Non-Smoker,Neither
Non-Smoker,Neither
Non-Smoker,Neither
Non-Smoker,Neither
Non-Smoker,Neither
Non-Smoker,Neither
Non-Smoker,Neither
Non-Smoker,Neither
Non-Smoker,Neither
Non-Smoker,Neither
Non-Smoker,Neither
Non-Smoker,Neither
Non-Smoker,Neither
Non-Smoker,Neither
Non-Smoker,Neither
Non-Smoker,Neither
Non-Smoker,Neither
Non-Smoker,Neither
Non-Smoker,Neither
Non-Smoker,Neither
Non-Smoker,Neither
Non-Smoker,Neither
Non-Smoker,Neither
Non-Smoker,Neither
Non-Smoker,Neither
Non-Smoker,Neither
Non-Smoker,Neither
Non-Smoker,Neither
Non-Smoker,Neither
Non-Smoker,Neither
Non-Smoker,Neither
Non-Smoker,Neither
Non-Smoker,Neither
Non-Smoker,Neither
Non-Smoker,Neither
Non-Smoker,Neither
Non-Smoker,Neither
Non-Smoker,Neither
Non-Smoker,Neither
Non-Smoker,Neither
Non-Smoker,Neither
Non-Smoker,Neither
Non-Smoker,Neither
Non-Smoker,Neither
Non-Smoker,Neither
Non-Smoker,Neither
Non-Smoker,Neither
Non-Smoker,Neither
Non-Smoker,Neither
Non-Smoker,Neither
Non-Smoker,Neither
Non-Smoker,Neither
Non-Smoker,Neither
Non-Smoker,Neither
Non-Smoker,Neither
Non-Smoker,Neither
Non-Smoker,Neither
Non-Smoker,Neither
Non-Smoker,Neither
Non-Smoker,Neither
Non-Smoker,Neither
Non-Smoker,Neither
Non-Smoker,Neither
Non-Smoker,Neither
Non-Smoker,Neither
Non-Smoker,Neither
Non-Smoker,Neither
Non-Smoker,Neither
Non-Smoker,Neither
Non-Smoker,Neither
Non-Smoker,Neither
Non-Smoker,Neither
Non-Smoker,Neither
Non-Smoker,Neither
Non-Smoker,Neither
Non-Smoker,Neither
Non-Smoker,Neither
Non-Smoker,Neither
Non-Smoker,Neither
Non-Smoker,Neither
Non-Smoker,Neither
Non-Smoker,Neither
Non-Smoker,Neither
Non-Smoker,Neither
Non-Smoker,Neither
Non-Smoker,Neither
Non-Smoker,Neither
Non-Smoker,Neither
Non-Smoker,Neither
Non-Smoker,Neither
Non-Smoker,Neither
Non-Smoker,Neither
Non-Smoker,Neither
Non-Smoker,Neither
Non-Smoker,Neither
Non-Smoker,Neither
Non-Smoker,Neither
Non-Smoker,Neither
Non-Smoker,Neither
Non-Smoker,Neither
Non-Smoker,Neither
Non-Smoker,Neither
Non-Smoker,Neither
Non-Smoker,Neither
Non-Smoker,Neither
Non-Smoker,Neither
Non-Smoker,Neither
Non-Smoker,Neither
Non-Smoker,Neither
Non-Smoker,Neither
Non-Smoker,Neither
Non-Smoker,Neither
Non-Smoker,Neither
Non-Smoker,Neither
Non-Smoker,Neither
Non-Smoker,Neither
Non-Smoker,Neither
Non-Smoker,Neither
Non-Smoker,Neither
Non-Smoker,Neither
Non-Smoker,Neither
Non-Smoker,Neither
Non-Smoker,Neither
Non-Smoker,Neither
Non-Smoker,Neither
Non-Smoker,Neither
Non-Smoker,Neither
Non-Smoker,Neither
Non-Smoker,Neither
Non-Smoker,Neither
Non-Smoker,Neither
Non-Smoker,Neither
Non-Smoker,Neither
Non-Smoker,Neither
Non-Smoker,Neither
Non-Smoker,Neither
Non-Smoker,Neither
Non-Smoker,Neither
Non-Smoker,Neither
Non-Smoker,Neither
Non-Smoker,Neither
Non-Smoker,Neither
Non-Smoker,Neither
Non-Smoker,Neither
Non-Smoker,Neither
Non-Smoker,Neither
Non-Smoker,Neither
Non-Smoker,Neither
Non-Smoker,Neither
Non-Smoker,Neither
Non-Smoker,Neither
Non-Smoker,Neither
Non-Smoker,Neither
Non-Smoker,Neither
Non-Smoker,Neither
Non-Smoker,Neither
Non-Smoker,Neither
Non-Smoker,Neither
Non-Smoker,Neither
Non-Smoker,Neither
Non-Smoker,Neither
Non-Smoker,Neither
Non-Smoker,Neither
Non-Smoker,Neither
Non-Smoker,Neither
Non-Smoker,Neither
Non-Smoker,Neither
Non-Smoker,Neither
Non-Smoker,Neither
Non-Smoker,Neither
Non-Smoker,Neither
Non-Smoker,Neither
Non-Smoker,Neither
Non-Smoker,Neither
Non-Smoker,Neither
Non-Smoker,Neither
Non-Smoker,Neither
Non-Smoker,Neither
Non-Smoker,Neither
Non-Smoker,Neither
Non-Smoker,Neither
Non-Smoker,Neither
Non-Smoker,Neither
Non-Smoker,Neither
Non-Smoker,Neither
Non-Smoker,Neither
Non-Smoker,Neither
Non-Smoker,Neither
Non-Smoker,Neither
Non-Smoker,Neither
Non-Smoker,Neither
Non-Smoker,Neither
Non-Smoker,Neither
Non-Smoker,Neither
Non-Smoker,Neither
Non-Smoker,Neither
Non-Smoker,Neither
Non-Smoker,Neither
Non-Smoker,Neither
Non-Smoker,Neither
Non-Smoker,Neither
Non-Smoker,Neither
Non-Smoker,Neither
Non-Smoker,Neither
Non-Smoker,Neither
Non-Smoker,Neither
Non-Smoker,Neither
Non-Smoker,Neither
Non-Smoker,Neither
Non-Smoker,Neither
Non-Smoker,Neither
Non-Smoker,Neither
Non-Smoker,Neither
Non-Smoker,Neither
Non-Smoker,Neither
Non-Smoker,Neither
Non-Smoker,Neither
Non-Smoker,Neither
Non-Smoker,Neither
Non-Smoker,Neither
Non-Smoker,Neither
Non-Smoker,Neither
Non-Smoker,Neither
Non-Smoker,Neither
Non-Smoker,Neither
Non-Smoker,Neither
Non-Smoker,Neither
Non-Smoker,Neither
Non-Smoker,Neither
Non-Smoker,Neither
Non-Smoker,Neither
Non-Smoker,Neither
Non-Smoker,Neither
Non-Smoker,Neither
Non-Smoker,Neither
Non-Smoker,Neither
Non-Smoker,Neither
Non-Smoker,Neither
Non-Smoker,Neither
Non-Smoker,Neither
Non-Smoker,Neither
Non-Smoker,Neither
Non-Smoker,Neither
Non-Smoker,Neither
Non-Smoker,Neither
Non-Smoker,Neither
Non-Smoker,Neither
Non-Smoker,Neither
Non-Smoker,Neither
Non-Smoker,Neither
Non-Smoker,Neither
Non-Smoker,Neither
Non-Smoker,Neither
Non-Smoker,Neither
Non-Smoker,Neither
Non-Smoker,Neither
Non-Smoker,Neither
Non-Smoker,Neither
Non-Smoker,Neither
Non-Smoker,Neither
Non-Smoker,Neither
Non-Smoker,Neither
Non-Smoker,Neither
Non-Smoker,Neither
Non-Smoker,Neither
Non-Smoker,Neither
Non-Smoker,Neither
Non-Smoker,Neither
Non-Smoker,Neither
Non-Smoker,Neither
Non-Smoker,Neither
Non-Smoker,Neither
Non-Smoker,Neither
Non-Smoker,Neither
Non-Smoker,Neither
Non-Smoker,Neither
Non-Smoker,Neither
Non-Smoker,Neither
Non-Smoker,Neither
Non-Smoker,Neither
Non-Smoker,Neither
Non-Smoker,Neither
Non-Smoker,Neither
Non-Smoker,Neither
Non-Smoker,Neither
Non-Smoker,Neither
Non-Smoker,Neither
Non-Smoker,Neither
Non-Smoker,Neither
Non-Smoker,Neither
Non-Smoker,Neither
Non-Smoker,Neither
Non-Smoker,Neither
Non-Smoker,Neither
Non-Smoker,Neither
Non-Smoker,Neither
Smoker,Neither
Smoker,Neither
Smoker,Neither
Smoker,Neither
Smoker,Neither
Smoker,Neither
Smoker,Neither
Smoker,Neither
Smoker,Neither
Smoker,Neither
Smoker,Neither
Smoker,Neither
Smoker,Neither
Smoker,Neither
Smoker,Neither
Smoker,Neither
Smoker,Neither
Smoker,Neither
Smoker,Neither
Smoker,Neither
Smoker,Neither
Smoker,Neither
Smoker,Neither
Smoker,Neither
Smoker,Neither
Smoker,Neither
Smoker,Neither
Smoker,Neither
Smoker,Neither
Smoker,Neither
Smoker,Neither
Smoker,Neither
Smoker,Neither
Smoker,Neither
Smoker,Neither
Smoker,Neither
Smoker,Neither
Smoker,Neither
Smoker,Neither
Smoker,Neither
Smoker,Neither
Smoker,Neither
Smoker,Neither
Smoker,Neither
Smoker,Neither
Smoker,Neither
Smoker,Neither
Smoker,Neither
Smoker,Neither
Smoker,Neither
Smoker,Neither
Smoker,Neither
Smoker,Neither
Smoker,Neither
Smoker,Neither
Smoker,Neither
Smoker,Neither
Smoker,Neither
Smoker,Neither
Smoker,Neither
Smoker,Neither
Smoker,Neither
Smoker,Neither
Smoker,Neither
Smoker,Neither
Smoker,Neither
Smoker,Neither
Smoker,Neither
Smoker,Neither
Smoker,Neither
Smoker,Neither
Smoker,Neither
Smoker,Neither
Smoker,Neither
Smoker,Neither
Smoker,Neither
Smoker,Neither
Smoker,Neither
Smoker,Neither
Smoker,Neither
Smoker,Neither
Smoker,Neither
Smoker,Neither
Smoker,Neither
Smoker,Neither
Smoker,Neither
Smoker,Neither
Smoker,Neither
Smoker,Neither
Smoker,Neither
Smoker,Neither
Smoker,Neither
Smoker,Neither
Smoker,Neither
Smoker,Neither
Smoker,Neither
Smoker,Neither
Smoker,Neither
Smoker,Neither
Smoker,Neither
Smoker,Neither
Smoker,Neither
Smoker,Neither
Smoker,Neither
Smoker,Neither
Smoker,Neither
Smoker,Neither
Smoker,Neither
Smoker,Neither
Smoker,Neither
Smoker,Neither
Smoker,Neither
Smoker,Neither
Smoker,Neither
Smoker,Neither
Smoker,Neither
Smoker,Neither
Smoker,Neither
Smoker,Neither
Smoker,Neither
Smoker,Neither
Smoker,Neither
Smoker,Neither
Smoker,Neither
Smoker,Neither
Smoker,Neither
Smoker,Neither
Smoker,Neither
Smoker,Neither
Smoker,Neither
Smoker,Neither
Smoker,Neither
Smoker,Neither
Smoker,Neither
Smoker,Neither
Smoker,Neither
Smoker,Neither
Smoker,Neither
Smoker,Neither
Smoker,Neither
Smoker,Neither
Smoker,Neither
Smoker,Neither
Smoker,Neither
Smoker,Neither
Smoker,Neither
Smoker,Neither
Smoker,Neither
Smoker,Neither
Smoker,Neither
Smoker,Neither
Smoker,Neither
Smoker,Neither
Smoker,Neither
Smoker,Neither
Smoker,Neither
Smoker,Neither
Smoker,Neither
Smoker,Neither
Smoker,Neither
Smoker,Neither
Smoker,Neither
Smoker,Neither
Smoker,Neither
Smoker,Neither
Smoker,Neither
Smoker,Neither
Smoker,Neither
Smoker,Neither
Smoker,Neither
Smoker,Neither
Smoker,Neither
Smoker,Neither
Smoker,Neither
Smoker,Neither
Smoker,Neither
Smoker,Neither
Smoker,Neither
Smoker,Neither
Smoker,Neither
Smoker,Neither
Smoker,Neither
Smoker,Neither
Smoker,Neither
Smoker,Neither
Smoker,Neither
Smoker,Neither
Smoker,Neither
Non-Smoker,One
Non-Smoker,One
Non-Smoker,One
Non-Smoker,One
Non-Smoker,One
Non-Smoker,One
Non-Smoker,One
Non-Smoker,One
Non-Smoker,One
Non-Smoker,One
Non-Smoker,One
Non-Smoker,One
Non-Smoker,One
Non-Smoker,One
Non-Smoker,One
Non-Smoker,One
Non-Smoker,One
Non-Smoker,One
Non-Smoker,One
Non-Smoker,One
Non-Smoker,One
Non-Smoker,One
Non-Smoker,One
Non-Smoker,One
Non-Smoker,One
Non-Smoker,One
Non-Smoker,One
Non-Smoker,One
Non-Smoker,One
Non-Smoker,One
Non-Smoker,One
Non-Smoker,One
Non-Smoker,One
Non-Smoker,One
Non-Smoker,One
Non-Smoker,One
Non-Smoker,One
Non-Smoker,One
Non-Smoker,One
Non-Smoker,One
Non-Smoker,One
Non-Smoker,One
Non-Smoker,One
Non-Smoker,One
Non-Smoker,One
Non-Smoker,One
Non-Smoker,One
Non-Smoker,One
Non-Smoker,One
Non-Smoker,One
Non-Smoker,One
Non-Smoker,One
Non-Smoker,One
Non-Smoker,One
Non-Smoker,One
Non-Smoker,One
Non-Smoker,One
Non-Smoker,One
Non-Smoker,One
Non-Smoker,One
Non-Smoker,One
Non-Smoker,One
Non-Smoker,One
Non-Smoker,One
Non-Smoker,One
Non-Smoker,One
Non-Smoker,One
Non-Smoker,One
Non-Smoker,One
Non-Smoker,One
Non-Smoker,One
Non-Smoker,One
Non-Smoker,One
Non-Smoker,One
Non-Smoker,One
Non-Smoker,One
Non-Smoker,One
Non-Smoker,One
Non-Smoker,One
Non-Smoker,One
Non-Smoker,One
Non-Smoker,One
Non-Smoker,One
Non-Smoker,One
Non-Smoker,One
Non-Smoker,One
Non-Smoker,One
Non-Smoker,One
Non-Smoker,One
Non-Smoker,One
Non-Smoker,One
Non-Smoker,One
Non-Smoker,One
Non-Smoker,One
Non-Smoker,One
Non-Smoker,One
Non-Smoker,One
Non-Smoker,One
Non-Smoker,One
Non-Smoker,One
Non-Smoker,One
Non-Smoker,One
Non-Smoker,One
Non-Smoker,One
Non-Smoker,One
Non-Smoker,One
Non-Smoker,One
Non-Smoker,One
Non-Smoker,One
Non-Smoker,One
Non-Smoker,One
Non-Smoker,One
Non-Smoker,One
Non-Smoker,One
Non-Smoker,One
Non-Smoker,One
Non-Smoker,One
Non-Smoker,One
Non-Smoker,One
Non-Smoker,One
Non-Smoker,One
Non-Smoker,One
Non-Smoker,One
Non-Smoker,One
Non-Smoker,One
Non-Smoker,One
Non-Smoker,One
Non-Smoker,One
Non-Smoker,One
Non-Smoker,One
Non-Smoker,One
Non-Smoker,One
Non-Smoker,One
Non-Smoker,One
Non-Smoker,One
Non-Smoker,One
Non-Smoker,One
Non-Smoker,One
Non-Smoker,One
Non-Smoker,One
Non-Smoker,One
Non-Smoker,One
Non-Smoker,One
Non-Smoker,One
Non-Smoker,One
Non-Smoker,One
Non-Smoker,One
Non-Smoker,One
Non-Smoker,One
Non-Smoker,One
Non-Smoker,One
Non-Smoker,One
Non-Smoker,One
Non-Smoker,One
Non-Smoker,One
Non-Smoker,One
Non-Smoker,One
Non-Smoker,One
Non-Smoker,One
Non-Smoker,One
Non-Smoker,One
Non-Smoker,One
Non-Smoker,One
Non-Smoker,One
Non-Smoker,One
Non-Smoker,One
Non-Smoker,One
Non-Smoker,One
Non-Smoker,One
Non-Smoker,One
Non-Smoker,One
Non-Smoker,One
Non-Smoker,One
Non-Smoker,One
Non-Smoker,One
Non-Smoker,One
Non-Smoker,One
Non-Smoker,One
Non-Smoker,One
Non-Smoker,One
Non-Smoker,One
Non-Smoker,One
Non-Smoker,One
Non-Smoker,One
Non-Smoker,One
Non-Smoker,One
Non-Smoker,One
Non-Smoker,One
Non-Smoker,One
Non-Smoker,One
Non-Smoker,One
Non-Smoker,One
Non-Smoker,One
Non-Smoker,One
Non-Smoker,One
Non-Smoker,One
Non-Smoker,One
Non-Smoker,One
Non-Smoker,One
Non-Smoker,One
Non-Smoker,One
Non-Smoker,One
Non-Smoker,One
Non-Smoker,One
Non-Smoker,One
Non-Smoker,One
Non-Smoker,One
Non-Smoker,One
Non-Smoker,One
Non-Smoker,One
Non-Smoker,One
Non-Smoker,One
Non-Smoker,One
Non-Smoker,One
Non-Smoker,One
Non-Smoker,One
Non-Smoker,One
Non-Smoker,One
Non-Smoker,One
Non-Smoker,One
Non-Smoker,One
Non-Smoker,One
Non-Smoker,One
Non-Smoker,One
Non-Smoker,One
Non-Smoker,One
Non-Smoker,One
Non-Smoker,One
Non-Smoker,One
Non-Smoker,One
Non-Smoker,One
Non-Smoker,One
Non-Smoker,One
Non-Smoker,One
Non-Smoker,One
Non-Smoker,One
Non-Smoker,One
Non-Smoker,One
Non-Smoker,One
Non-Smoker,One
Non-Smoker,One
Non-Smoker,One
Non-Smoker,One
Non-Smoker,One
Non-Smoker,One
Non-Smoker,One
Non-Smoker,One
Non-Smoker,One
Non-Smoker,One
Non-Smoker,One
Non-Smoker,One
Non-Smoker,One
Non-Smoker,One
Non-Smoker,One
Non-Smoker,One
Non-Smoker,One
Non-Smoker,One
Non-Smoker,One
Non-Smoker,One
Non-Smoker,One
Non-Smoker,One
Non-Smoker,One
Non-Smoker,One
Non-Smoker,One
Non-Smoker,One
Non-Smoker,One
Non-Smoker,One
Non-Smoker,One
Non-Smoker,One
Non-Smoker,One
Non-Smoker,One
Non-Smoker,One
Non-Smoker,One
Non-Smoker,One
Non-Smoker,One
Non-Smoker,One
Non-Smoker,One
Non-Smoker,One
Non-Smoker,One
Non-Smoker,One
Non-Smoker,One
Non-Smoker,One
Non-Smoker,One
Non-Smoker,One
Non-Smoker,One
Non-Smoker,One
Non-Smoker,One
Non-Smoker,One
Non-Smoker,One
Non-Smoker,One
Non-Smoker,One
Non-Smoker,One
Non-Smoker,One
Non-Smoker,One
Non-Smoker,One
Non-Smoker,One
Non-Smoker,One
Non-Smoker,One
Non-Smoker,One
Non-Smoker,One
Non-Smoker,One
Non-Smoker,One
Non-Smoker,One
Non-Smoker,One
Non-Smoker,One
Non-Smoker,One
Non-Smoker,One
Non-Smoker,One
Non-Smoker,One
Non-Smoker,One
Non-Smoker,One
Non-Smoker,One
Non-Smoker,One
Non-Smoker,One
Non-Smoker,One
Non-Smoker,One
Non-Smoker,One
Non-Smoker,One
Non-Smoker,One
Non-Smoker,One
Non-Smoker,One
Non-Smoker,One
Non-Smoker,One
Non-Smoker,One
Non-Smoker,One
Non-Smoker,One
Non-Smoker,One
Non-Smoker,One
Non-Smoker,One
Non-Smoker,One
Non-Smoker,One
Non-Smoker,One
Non-Smoker,One
Non-Smoker,One
Non-Smoker,One
Non-Smoker,One
Non-Smoker,One
Non-Smoker,One
Non-Smoker,One
Non-Smoker,One
Non-Smoker,One
Non-Smoker,One
Non-Smoker,One
Non-Smoker,One
Non-Smoker,One
Non-Smoker,One
Non-Smoker,One
Non-Smoker,One
Non-Smoker,One
Non-Smoker,One
Non-Smoker,One
Non-Smoker,One
Non-Smoker,One
Non-Smoker,One
Non-Smoker,One
Non-Smoker,One
Non-Smoker,One
Non-Smoker,One
Non-Smoker,One
Non-Smoker,One
Non-Smoker,One
Non-Smoker,One
Non-Smoker,One
Non-Smoker,One
Non-Smoker,One
Non-Smoker,One
Non-Smoker,One
Non-Smoker,One
Non-Smoker,One
Non-Smoker,One
Non-Smoker,One
Non-Smoker,One
Non-Smoker,One
Non-Smoker,One
Non-Smoker,One
Non-Smoker,One
Non-Smoker,One
Non-Smoker,One
Non-Smoker,One
Non-Smoker,One
Non-Smoker,One
Non-Smoker,One
Non-Smoker,One
Non-Smoker,One
Non-Smoker,One
Non-Smoker,One
Non-Smoker,One
Non-Smoker,One
Non-Smoker,One
Non-Smoker,One
Non-Smoker,One
Non-Smoker,One
Non-Smoker,One
Non-Smoker,One
Non-Smoker,One
Non-Smoker,One
Non-Smoker,One
Non-Smoker,One
Non-Smoker,One
Non-Smoker,One
Non-Smoker,One
Non-Smoker,One
Non-Smoker,One
Non-Smoker,One
Non-Smoker,One
Non-Smoker,One
Non-Smoker,One
Non-Smoker,One
Non-Smoker,One
Non-Smoker,One
Non-Smoker,One
Non-Smoker,One
Non-Smoker,One
Non-Smoker,One
Non-Smoker,One
Non-Smoker,One
Non-Smoker,One
Non-Smoker,One
Non-Smoker,One
Non-Smoker,One
Non-Smoker,One
Non-Smoker,One
Non-Smoker,One
Non-Smoker,One
Non-Smoker,One
Non-Smoker,One
Non-Smoker,One
Non-Smoker,One
Non-Smoker,One
Non-Smoker,One
Non-Smoker,One
Non-Smoker,One
Non-Smoker,One
Non-Smoker,One
Non-Smoker,One
Non-Smoker,One
Non-Smoker,One
Non-Smoker,One
Non-Smoker,One
Non-Smoker,One
Non-Smoker,One
Non-Smoker,One
Non-Smoker,One
Non-Smoker,One
Non-Smoker,One
Non-Smoker,One
Non-Smoker,One
Non-Smoker,One
Non-Smoker,One
Non-Smoker,One
Non-Smoker,One
Non-Smoker,One
Non-Smoker,One
Non-Smoker,One
Non-Smoker,One
Non-Smoker,One
Non-Smoker,One
Non-Smoker,One
Non-Smoker,One
Non-Smoker,One
Non-Smoker,One
Non-Smoker,One
Non-Smoker,One
Non-Smoker,One
Non-Smoker,One
Non-Smoker,One
Non-Smoker,One
Non-Smoker,One
Non-Smoker,One
Non-Smoker,One
Non-Smoker,One
Non-Smoker,One
Non-Smoker,One
Non-Smoker,One
Non-Smoker,One
Non-Smoker,One
Non-Smoker,One
Non-Smoker,One
Non-Smoker,One
Non-Smoker,One
Non-Smoker,One
Non-Smoker,One
Non-Smoker,One
Non-Smoker,One
Non-Smoker,One
Non-Smoker,One
Non-Smoker,One
Non-Smoker,One
Non-Smoker,One
Non-Smoker,One
Non-Smoker,One
Non-Smoker,One
Non-Smoker,One
Non-Smoker,One
Non-Smoker,One
Non-Smoker,One
Non-Smoker,One
Non-Smoker,One
Non-Smoker,One
Non-Smoker,One
Non-Smoker,One
Non-Smoker,One
Non-Smoker,One
Non-Smoker,One
Non-Smoker,One
Non-Smoker,One
Non-Smoker,One
Non-Smoker,One
Non-Smoker,One
Non-Smoker,One
Non-Smoker,One
Non-Smoker,One
Non-Smoker,One
Non-Smoker,One
Non-Smoker,One
Non-Smoker,One
Non-Smoker,One
Non-Smoker,One
Non-Smoker,One
Non-Smoker,One
Non-Smoker,One
Non-Smoker,One
Non-Smoker,One
Non-Smoker,One
Non-Smoker,One
Non-Smoker,One
Non-Smoker,One
Non-Smoker,One
Non-Smoker,One
Non-Smoker,One
Non-Smoker,One
Non-Smoker,One
Non-Smoker,One
Non-Smoker,One
Non-Smoker,One
Non-Smoker,One
Non-Smoker,One
Non-Smoker,One
Non-Smoker,One
Non-Smoker,One
Non-Smoker,One
Non-Smoker,One
Non-Smoker,One
Non-Smoker,One
Non-Smoker,One
Non-Smoker,One
Non-Smoker,One
Non-Smoker,One
Non-Smoker,One
Non-Smoker,One
Non-Smoker,One
Non-Smoker,One
Non-Smoker,One
Non-Smoker,One
Non-Smoker,One
Non-Smoker,One
Non-Smoker,One
Non-Smoker,One
Non-Smoker,One
Non-Smoker,One
Non-Smoker,One
Non-Smoker,One
Non-Smoker,One
Non-Smoker,One
Non-Smoker,One
Non-Smoker,One
Non-Smoker,One
Non-Smoker,One
Non-Smoker,One
Non-Smoker,One
Non-Smoker,One
Non-Smoker,One
Non-Smoker,One
Non-Smoker,One
Non-Smoker,One
Non-Smoker,One
Non-Smoker,One
Non-Smoker,One
Non-Smoker,One
Non-Smoker,One
Non-Smoker,One
Non-Smoker,One
Non-Smoker,One
Non-Smoker,One
Non-Smoker,One
Non-Smoker,One
Non-Smoker,One
Non-Smoker,One
Non-Smoker,One
Non-Smoker,One
Non-Smoker,One
Non-Smoker,One
Non-Smoker,One
Non-Smoker,One
Non-Smoker,One
Non-Smoker,One
Non-Smoker,One
Non-Smoker,One
Non-Smoker,One
Non-Smoker,One
Non-Smoker,One
Non-Smoker,One
Non-Smoker,One
Non-Smoker,One
Non-Smoker,One
Non-Smoker,One
Non-Smoker,One
Non-Smoker,One
Non-Smoker,One
Non-Smoker,One
Non-Smoker,One
Non-Smoker,One
Non-Smoker,One
Non-Smoker,One
Non-Smoker,One
Non-Smoker,One
Non-Smoker,One
Non-Smoker,One
Non-Smoker,One
Non-Smoker,One
Non-Smoker,One
Non-Smoker,One
Non-Smoker,One
Non-Smoker,One
Non-Smoker,One
Non-Smoker,One
Non-Smoker,One
Non-Smoker,One
Non-Smoker,One
Non-Smoker,One
Non-Smoker,One
Non-Smoker,One
Non-Smoker,One
Non-Smoker,One
Non-Smoker,One
Non-Smoker,One
Non-Smoker,One
Non-Smoker,One
Non-Smoker,One
Non-Smoker,One
Non-Smoker,One
Non-Smoker,One
Non-Smoker,One
Non-Smoker,One
Non-Smoker,One
Non-Smoker,One
Non-Smoker,One
Non-Smoker,One
Non-Smoker,One
Non-Smoker,One
Non-Smoker,One
Non-Smoker,One
Non-Smoker,One
Non-Smoker,One
Non-Smoker,One
Non-Smoker,One
Non-Smoker,One
Non-Smoker,One
Non-Smoker,One
Non-Smoker,One
Non-Smoker,One
Non-Smoker,One
Non-Smoker,One
Non-Smoker,One
Non-Smoker,One
Non-Smoker,One
Non-Smoker,One
Non-Smoker,One
Non-Smoker,One
Non-Smoker,One
Non-Smoker,One
Non-Smoker,One
Non-Smoker,One
Non-Smoker,One
Non-Smoker,One
Non-Smoker,One
Non-Smoker,One
Non-Smoker,One
Non-Smoker,One
Non-Smoker,One
Non-Smoker,One
Non-Smoker,One
Non-Smoker,One
Non-Smoker,One
Non-Smoker,One
Non-Smoker,One
Non-Smoker,One
Non-Smoker,One
Non-Smoker,One
Non-Smoker,One
Non-Smoker,One
Non-Smoker,One
Non-Smoker,One
Non-Smoker,One
Non-Smoker,One
Non-Smoker,One
Non-Smoker,One
Non-Smoker,One
Non-Smoker,One
Non-Smoker,One
Non-Smoker,One
Non-Smoker,One
Non-Smoker,One
Non-Smoker,One
Non-Smoker,One
Non-Smoker,One
Non-Smoker,One
Non-Smoker,One
Non-Smoker,One
Non-Smoker,One
Non-Smoker,One
Non-Smoker,One
Non-Smoker,One
Non-Smoker,One
Non-Smoker,One
Non-Smoker,One
Non-Smoker,One
Non-Smoker,One
Non-Smoker,One
Non-Smoker,One
Non-Smoker,One
Non-Smoker,One
Non-Smoker,One
Non-Smoker,One
Non-Smoker,One
Non-Smoker,One
Non-Smoker,One
Non-Smoker,One
Non-Smoker,One
Non-Smoker,One
Non-Smoker,One
Non-Smoker,One
Non-Smoker,One
Non-Smoker,One
Non-Smoker,One
Non-Smoker,One
Non-Smoker,One
Non-Smoker,One
Non-Smoker,One
Non-Smoker,One
Non-Smoker,One
Non-Smoker,One
Non-Smoker,One
Non-Smoker,One
Non-Smoker,One
Non-Smoker,One
Non-Smoker,One
Non-Smoker,One
Non-Smoker,One
Non-Smoker,One
Non-Smoker,One
Non-Smoker,One
Non-Smoker,One
Non-Smoker,One
Non-Smoker,One
Non-Smoker,One
Non-Smoker,One
Non-Smoker,One
Non-Smoker,One
Non-Smoker,One
Non-Smoker,One
Non-Smoker,One
Non-Smoker,One
Non-Smoker,One
Non-Smoker,One
Non-Smoker,One
Non-Smoker,One
Non-Smoker,One
Non-Smoker,One
Non-Smoker,One
Non-Smoker,One
Non-Smoker,One
Non-Smoker,One
Non-Smoker,One
Non-Smoker,One
Non-Smoker,One
Non-Smoker,One
Non-Smoker,One
Non-Smoker,One
Non-Smoker,One
Non-Smoker,One
Non-Smoker,One
Non-Smoker,One
Non-Smoker,One
Non-Smoker,One
Non-Smoker,One
Non-Smoker,One
Non-Smoker,One
Non-Smoker,One
Non-Smoker,One
Non-Smoker,One
Non-Smoker,One
Non-Smoker,One
Non-Smoker,One
Non-Smoker,One
Non-Smoker,One
Non-Smoker,One
Non-Smoker,One
Non-Smoker,One
Non-Smoker,One
Non-Smoker,One
Non-Smoker,One
Non-Smoker,One
Non-Smoker,One
Non-Smoker,One
Non-Smoker,One
Non-Smoker,One
Non-Smoker,One
Non-Smoker,One
Non-Smoker,One
Non-Smoker,One
Non-Smoker,One
Non-Smoker,One
Non-Smoker,One
Non-Smoker,One
Non-Smoker,One
Non-Smoker,One
Non-Smoker,One
Non-Smoker,One
Non-Smoker,One
Non-Smoker,One
Non-Smoker,One
Non-Smoker,One
Non-Smoker,One
Non-Smoker,One
Non-Smoker,One
Non-Smoker,One
Non-Smoker,One
Non-Smoker,One
Non-Smoker,One
Non-Smoker,One
Non-Smoker,One
Non-Smoker,One
Non-Smoker,One
Non-Smoker,One
Non-Smoker,One
Non-Smoker,One
Non-Smoker,One
Non-Smoker,One
Non-Smoker,One
Non-Smoker,One
Non-Smoker,One
Non-Smoker,One
Non-Smoker,One
Non-Smoker,One
Non-Smoker,One
Non-Smoker,One
Non-Smoker,One
Non-Smoker,One
Non-Smoker,One
Non-Smoker,One
Non-Smoker,One
Non-Smoker,One
Non-Smoker,One
Non-Smoker,One
Non-Smoker,One
Non-Smoker,One
Non-Smoker,One
Non-Smoker,One
Non-Smoker,One
Non-Smoker,One
Non-Smoker,One
Non-Smoker,One
Non-Smoker,One
Non-Smoker,One
Non-Smoker,One
Non-Smoker,One
Non-Smoker,One
Non-Smoker,One
Non-Smoker,One
Non-Smoker,One
Non-Smoker,One
Non-Smoker,One
Non-Smoker,One
Non-Smoker,One
Non-Smoker,One
Non-Smoker,One
Non-Smoker,One
Non-Smoker,One
Non-Smoker,One
Non-Smoker,One
Non-Smoker,One
Non-Smoker,One
Non-Smoker,One
Non-Smoker,One
Non-Smoker,One
Non-Smoker,One
Non-Smoker,One
Non-Smoker,One
Non-Smoker,One
Non-Smoker,One
Non-Smoker,One
Non-Smoker,One
Non-Smoker,One
Non-Smoker,One
Non-Smoker,One
Non-Smoker,One
Non-Smoker,One
Non-Smoker,One
Non-Smoker,One
Non-Smoker,One
Non-Smoker,One
Non-Smoker,One
Non-Smoker,One
Non-Smoker,One
Non-Smoker,One
Non-Smoker,One
Non-Smoker,One
Non-Smoker,One
Non-Smoker,One
Non-Smoker,One
Non-Smoker,One
Non-Smoker,One
Non-Smoker,One
Non-Smoker,One
Non-Smoker,One
Non-Smoker,One
Non-Smoker,One
Non-Smoker,One
Non-Smoker,One
Non-Smoker,One
Non-Smoker,One
Non-Smoker,One
Non-Smoker,One
Non-Smoker,One
Non-Smoker,One
Non-Smoker,One
Non-Smoker,One
Non-Smoker,One
Non-Smoker,One
Non-Smoker,One
Non-Smoker,One
Non-Smoker,One
Non-Smoker,One
Non-Smoker,One
Non-Smoker,One
Non-Smoker,One
Non-Smoker,One
Non-Smoker,One
Non-Smoker,One
Non-Smoker,One
Non-Smoker,One
Non-Smoker,One
Non-Smoker,One
Non-Smoker,One
Non-Smoker,One
Non-Smoker,One
Non-Smoker,One
Non-Smoker,One
Non-Smoker,One
Non-Smoker,One
Non-Smoker,One
Non-Smoker,One
Non-Smoker,One
Non-Smoker,One
Non-Smoker,One
Non-Smoker,One
Non-Smoker,One
Non-Smoker,One
Non-Smoker,One
Non-Smoker,One
Non-Smoker,One
Non-Smoker,One
Non-Smoker,One
Non-Smoker,One
Non-Smoker,One
Non-Smoker,One
Non-Smoker,One
Non-Smoker,One
Non-Smoker,One
Non-Smoker,One
Non-Smoker,One
Non-Smoker,One
Non-Smoker,One
Non-Smoker,One
Non-Smoker,One
Non-Smoker,One
Non-Smoker,One
Non-Smoker,One
Non-Smoker,One
Non-Smoker,One
Non-Smoker,One
Non-Smoker,One
Non-Smoker,One
Non-Smoker,One
Non-Smoker,One
Non-Smoker,One
Non-Smoker,One
Non-Smoker,One
Non-Smoker,One
Non-Smoker,One
Non-Smoker,One
Non-Smoker,One
Non-Smoker,One
Non-Smoker,One
Non-Smoker,One
Non-Smoker,One
Non-Smoker,One
Non-Smoker,One
Non-Smoker,One
Non-Smoker,One
Non-Smoker,One
Non-Smoker,One
Non-Smoker,One
Non-Smoker,One
Non-Smoker,One
Non-Smoker,One
Non-Smoker,One
Non-Smoker,One
Non-Smoker,One
Non-Smoker,One
Non-Smoker,One
Non-Smoker,One
Non-Smoker,One
Non-Smoker,One
Non-Smoker,One
Non-Smoker,One
Non-Smoker,One
Non-Smoker,One
Non-Smoker,One
Non-Smoker,One
Non-Smoker,One
Non-Smoker,One
Non-Smoker,One
Non-Smoker,One
Non-Smoker,One
Non-Smoker,One
Non-Smoker,One
Non-Smoker,One
Non-Smoker,One
Non-Smoker,One
Non-Smoker,One
Non-Smoker,One
Non-Smoker,One
Non-Smoker,One
Non-Smoker,One
Non-Smoker,One
Non-Smoker,One
Non-Smoker,One
Non-Smoker,One
Non-Smoker,One
Non-Smoker,One
Non-Smoker,One
Non-Smoker,One
Non-Smoker,One
Non-Smoker,One
Non-Smoker,One
Non-Smoker,One
Non-Smoker,One
Non-Smoker,One
Non-Smoker,One
Non-Smoker,One
Non-Smoker,One
Non-Smoker,One
Non-Smoker,One
Non-Smoker,One
Non-Smoker,One
Non-Smoker,One
Non-Smoker,One
Non-Smoker,One
Non-Smoker,One
Non-Smoker,One
Non-Smoker,One
Non-Smoker,One
Non-Smoker,One
Non-Smoker,One
Non-Smoker,One
Non-Smoker,One
Non-Smoker,One
Non-Smoker,One
Non-Smoker,One
Non-Smoker,One
Non-Smoker,One
Non-Smoker,One
Non-Smoker,One
Non-Smoker,One
Non-Smoker,One
Non-Smoker,One
Non-Smoker,One
Non-Smoker,One
Non-Smoker,One
Non-Smoker,One
Non-Smoker,One
Non-Smoker,One
Non-Smoker,One
Non-Smoker,One
Non-Smoker,One
Non-Smoker,One
Non-Smoker,One
Non-Smoker,One
Non-Smoker,One
Non-Smoker,One
Non-Smoker,One
Non-Smoker,One
Non-Smoker,One
Non-Smoker,One
Non-Smoker,One
Non-Smoker,One
Non-Smoker,One
Non-Smoker,One
Non-Smoker,One
Non-Smoker,One
Non-Smoker,One
Non-Smoker,One
Non-Smoker,One
Non-Smoker,One
Non-Smoker,One
Non-Smoker,One
Non-Smoker,One
Non-Smoker,One
Non-Smoker,One
Non-Smoker,One
Non-Smoker,One
Non-Smoker,One
Non-Smoker,One
Non-Smoker,One
Non-Smoker,One
Non-Smoker,One
Non-Smoker,One
Non-Smoker,One
Non-Smoker,One
Non-Smoker,One
Non-Smoker,One
Non-Smoker,One
Non-Smoker,One
Non-Smoker,One
Non-Smoker,One
Non-Smoker,One
Non-Smoker,One
Non-Smoker,One
Non-Smoker,One
Non-Smoker,One
Non-Smoker,One
Non-Smoker,One
Non-Smoker,One
Non-Smoker,One
Non-Smoker,One
Non-Smoker,One
Non-Smoker,One
Non-Smoker,One
Non-Smoker,One
Non-Smoker,One
Non-Smoker,One
Non-Smoker,One
Non-Smoker,One
Non-Smoker,One
Non-Smoker,One
Non-Smoker,One
Non-Smoker,One
Non-Smoker,One
Non-Smoker,One
Non-Smoker,One
Non-Smoker,One
Non-Smoker,One
Non-Smoker,One
Non-Smoker,One
Non-Smoker,One
Non-Smoker,One
Non-Smoker,One
Non-Smoker,One
Non-Smoker,One
Non-Smoker,One
Non-Smoker,One
Non-Smoker,One
Non-Smoker,One
Non-Smoker,One
Non-Smoker,One
Non-Smoker,One
Non-Smoker,One
Non-Smoker,One
Non-Smoker,One
Non-Smoker,One
Non-Smoker,One
Non-Smoker,One
Non-Smoker,One
Non-Smoker,One
Non-Smoker,One
Non-Smoker,One
Non-Smoker,One
Non-Smoker,One
Non-Smoker,One
Non-Smoker,One
Non-Smoker,One
Non-Smoker,One
Non-Smoker,One
Non-Smoker,One
Non-Smoker,One
Non-Smoker,One
Non-Smoker,One
Non-Smoker,One
Non-Smoker,One
Non-Smoker,One
Non-Smoker,One
Non-Smoker,One
Non-Smoker,One
Non-Smoker,One
Non-Smoker,One
Non-Smoker,One
Non-Smoker,One
Non-Smoker,One
Non-Smoker,One
Non-Smoker,One
Non-Smoker,One
Non-Smoker,One
Non-Smoker,One
Non-Smoker,One
Non-Smoker,One
Non-Smoker,One
Non-Smoker,One
Non-Smoker,One
Non-Smoker,One
Non-Smoker,One
Non-Smoker,One
Non-Smoker,One
Non-Smoker,One
Non-Smoker,One
Non-Smoker,One
Non-Smoker,One
Non-Smoker,One
Non-Smoker,One
Non-Smoker,One
Non-Smoker,One
Non-Smoker,One
Non-Smoker,One
Non-Smoker,One
Non-Smoker,One
Non-Smoker,One
Non-Smoker,One
Non-Smoker,One
Non-Smoker,One
Non-Smoker,One
Non-Smoker,One
Non-Smoker,One
Non-Smoker,One
Non-Smoker,One
Non-Smoker,One
Non-Smoker,One
Non-Smoker,One
Non-Smoker,One
Non-Smoker,One
Non-Smoker,One
Non-Smoker,One
Non-Smoker,One
Non-Smoker,One
Non-Smoker,One
Non-Smoker,One
Non-Smoker,One
Non-Smoker,One
Non-Smoker,One
Non-Smoker,One
Non-Smoker,One
Non-Smoker,One
Non-Smoker,One
Non-Smoker,One
Non-Smoker,One
Non-Smoker,One
Non-Smoker,One
Non-Smoker,One
Non-Smoker,One
Non-Smoker,One
Non-Smoker,One
Non-Smoker,One
Non-Smoker,One
Non-Smoker,One
Non-Smoker,One
Non-Smoker,One
Non-Smoker,One
Non-Smoker,One
Non-Smoker,One
Non-Smoker,One
Non-Smoker,One
Non-Smoker,One
Non-Smoker,One
Non-Smoker,One
Non-Smoker,One
Non-Smoker,One
Non-Smoker,One
Non-Smoker,One
Non-Smoker,One
Non-Smoker,One
Non-Smoker,One
Non-Smoker,One
Non-Smoker,One
Non-Smoker,One
Non-Smoker,One
Non-Smoker,One
Non-Smoker,One
Non-Smoker,One
Non-Smoker,One
Non-Smoker,One
Non-Smoker,One
Non-Smoker,One
Non-Smoker,One
Non-Smoker,One
Non-Smoker,One
Non-Smoker,One
Non-Smoker,One
Non-Smoker,One
Non-Smoker,One
Non-Smoker,One
Non-Smoker,One
Non-Smoker,One
Non-Smoker,One
Non-Smoker,One
Non-Smoker,One
Non-Smoker,One
Non-Smoker,One
Non-Smoker,One
Non-Smoker,One
Non-Smoker,One
Non-Smoker,One
Non-Smoker,One
Non-Smoker,One
Non-Smoker,One
Non-Smoker,One
Non-Smoker,One
Non-Smoker,One
Non-Smoker,One
Non-Smoker,One
Non-Smoker,One
Non-Smoker,One
Non-Smoker,One
Non-Smoker,One
Non-Smoker,One
Non-Smoker,One
Non-Smoker,One
Non-Smoker,One
Non-Smoker,One
Non-Smoker,One
Non-Smoker,One
Non-Smoker,One
Non-Smoker,One
Non-Smoker,One
Non-Smoker,One
Non-Smoker,One
Non-Smoker,One
Non-Smoker,One
Non-Smoker,One
Non-Smoker,One
Non-Smoker,One
Non-Smoker,One
Non-Smoker,One
Non-Smoker,One
Non-Smoker,One
Non-Smoker,One
Non-Smoker,One
Non-Smoker,One
Non-Smoker,One
Non-Smoker,One
Non-Smoker,One
Non-Smoker,One
Non-Smoker,One
Non-Smoker,One
Non-Smoker,One
Non-Smoker,One
Non-Smoker,One
Non-Smoker,One
Non-Smoker,One
Non-Smoker,One
Non-Smoker,One
Non-Smoker,One
Non-Smoker,One
Non-Smoker,One
Non-Smoker,One
Non-Smoker,One
Non-Smoker,One
Non-Smoker,One
Non-Smoker,One
Non-Smoker,One
Non-Smoker,One
Non-Smoker,One
Non-Smoker,One
Non-Smoker,One
Non-Smoker,One
Non-Smoker,One
Non-Smoker,One
Non-Smoker,One
Non-Smoker,One
Non-Smoker,One
Non-Smoker,One
Non-Smoker,One
Non-Smoker,One
Non-Smoker,One
Non-Smoker,One
Non-Smoker,One
Non-Smoker,One
Non-Smoker,One
Non-Smoker,One
Non-Smoker,One
Non-Smoker,One
Non-Smoker,One
Non-Smoker,One
Non-Smoker,One
Non-Smoker,One
Non-Smoker,One
Non-Smoker,One
Non-Smoker,One
Non-Smoker,One
Non-Smoker,One
Non-Smoker,One
Non-Smoker,One
Non-Smoker,One
Non-Smoker,One
Non-Smoker,One
Non-Smoker,One
Non-Smoker,One
Non-Smoker,One
Non-Smoker,One
Non-Smoker,One
Non-Smoker,One
Non-Smoker,One
Non-Smoker,One
Non-Smoker,One
Non-Smoker,One
Non-Smoker,One
Non-Smoker,One
Non-Smoker,One
Non-Smoker,One
Non-Smoker,One
Non-Smoker,One
Non-Smoker,One
Non-Smoker,One
Non-Smoker,One
Non-Smoker,One
Non-Smoker,One
Non-Smoker,One
Non-Smoker,One
Non-Smoker,One
Non-Smoker,One
Non-Smoker,One
Non-Smoker,One
Non-Smoker,One
Non-Smoker,One
Non-Smoker,One
Non-Smoker,One
Non-Smoker,One
Non-Smoker,One
Non-Smoker,One
Non-Smoker,One
Non-Smoker,One
Non-Smoker,One
Non-Smoker,One
Non-Smoker,One
Non-Smoker,One
Non-Smoker,One
Non-Smoker,One
Non-Smoker,One
Non-Smoker,One
Non-Smoker,One
Non-Smoker,One
Non-Smoker,One
Non-Smoker,One
Non-Smoker,One
Non-Smoker,One
Non-Smoker,One
Non-Smoker,One
Non-Smoker,One
Non-Smoker,One
Non-Smoker,One
Non-Smoker,One
Non-Smoker,One
Non-Smoker,One
Non-Smoker,One
Non-Smoker,One
Non-Smoker,One
Non-Smoker,One
Non-Smoker,One
Non-Smoker,One
Non-Smoker,One
Non-Smoker,One
Non-Smoker,One
Non-Smoker,One
Non-Smoker,One
Non-Smoker,One
Non-Smoker,One
Non-Smoker,One
Non-Smoker,One
Non-Smoker,One
Non-Smoker,One
Non-Smoker,One
Non-Smoker,One
Non-Smoker,One
Non-Smoker,One
Non-Smoker,One
Non-Smoker,One
Non-Smoker,One
Non-Smoker,One
Non-Smoker,One
Non-Smoker,One
Non-Smoker,One
Non-Smoker,One
Non-Smoker,One
Non-Smoker,One
Non-Smoker,One
Non-Smoker,One
Non-Smoker,One
Non-Smoker,One
Non-Smoker,One
Non-Smoker,One
Non-Smoker,One
Non-Smoker,One
Non-Smoker,One
Non-Smoker,One
Non-Smoker,One
Non-Smoker,One
Non-Smoker,One
Non-Smoker,One
Non-Smoker,One
Non-Smoker,One
Non-Smoker,One
Non-Smoker,One
Non-Smoker,One
Non-Smoker,One
Non-Smoker,One
Non-Smoker,One
Non-Smoker,One
Non-Smoker,One
Non-Smoker,One
Non-Smoker,One
Non-Smoker,One
Non-Smoker,One
Non-Smoker,One
Non-Smoker,One
Non-Smoker,One
Non-Smoker,One
Non-Smoker,One
Non-Smoker,One
Non-Smoker,One
Non-Smoker,One
Non-Smoker,One
Non-Smoker,One
Non-Smoker,One
Non-Smoker,One
Non-Smoker,One
Non-Smoker,One
Non-Smoker,One
Non-Smoker,One
Non-Smoker,One
Non-Smoker,One
Non-Smoker,One
Non-Smoker,One
Non-Smoker,One
Non-Smoker,One
Non-Smoker,One
Non-Smoker,One
Non-Smoker,One
Non-Smoker,One
Non-Smoker,One
Non-Smoker,One
Non-Smoker,One
Non-Smoker,One
Non-Smoker,One
Non-Smoker,One
Non-Smoker,One
Non-Smoker,One
Non-Smoker,One
Non-Smoker,One
Non-Smoker,One
Non-Smoker,One
Non-Smoker,One
Non-Smoker,One
Non-Smoker,One
Non-Smoker,One
Non-Smoker,One
Non-Smoker,One
Non-Smoker,One
Non-Smoker,One
Non-Smoker,One
Non-Smoker,One
Non-Smoker,One
Non-Smoker,One
Non-Smoker,One
Non-Smoker,One
Non-Smoker,One
Non-Smoker,One
Non-Smoker,One
Non-Smoker,One
Non-Smoker,One
Non-Smoker,One
Non-Smoker,One
Non-Smoker,One
Non-Smoker,One
Non-Smoker,One
Non-Smoker,One
Non-Smoker,One
Non-Smoker,One
Non-Smoker,One
Non-Smoker,One
Non-Smoker,One
Non-Smoker,One
Non-Smoker,One
Non-Smoker,One
Non-Smoker,One
Non-Smoker,One
Non-Smoker,One
Non-Smoker,One
Non-Smoker,One
Non-Smoker,One
Non-Smoker,One
Non-Smoker,One
Non-Smoker,One
Non-Smoker,One
Non-Smoker,One
Non-Smoker,One
Non-Smoker,One
Non-Smoker,One
Non-Smoker,One
Non-Smoker,One
Non-Smoker,One
Non-Smoker,One
Non-Smoker,One
Non-Smoker,One
Non-Smoker,One
Non-Smoker,One
Non-Smoker,One
Non-Smoker,One
Non-Smoker,One
Non-Smoker,One
Non-Smoker,One
Non-Smoker,One
Non-Smoker,One
Non-Smoker,One
Non-Smoker,One
Non-Smoker,One
Non-Smoker,One
Non-Smoker,One
Non-Smoker,One
Non-Smoker,One
Non-Smoker,One
Non-Smoker,One
Non-Smoker,One
Non-Smoker,One
Non-Smoker,One
Non-Smoker,One
Non-Smoker,One
Non-Smoker,One
Non-Smoker,One
Non-Smoker,One
Non-Smoker,One
Non-Smoker,One
Non-Smoker,One
Non-Smoker,One
Non-Smoker,One
Non-Smoker,One
Non-Smoker,One
Non-Smoker,One
Non-Smoker,One
Non-Smoker,One
Non-Smoker,One
Non-Smoker,One
Non-Smoker,One
Non-Smoker,One
Non-Smoker,One
Non-Smoker,One
Non-Smoker,One
Non-Smoker,One
Non-Smoker,One
Non-Smoker,One
Non-Smoker,One
Non-Smoker,One
Non-Smoker,One
Non-Smoker,One
Non-Smoker,One
Non-Smoker,One
Non-Smoker,One
Non-Smoker,One
Non-Smoker,One
Non-Smoker,One
Non-Smoker,One
Non-Smoker,One
Non-Smoker,One
Non-Smoker,One
Non-Smoker,One
Non-Smoker,One
Non-Smoker,One
Non-Smoker,One
Non-Smoker,One
Non-Smoker,One
Non-Smoker,One
Non-Smoker,One
Non-Smoker,One
Non-Smoker,One
Non-Smoker,One
Non-Smoker,One
Non-Smoker,One
Non-Smoker,One
Non-Smoker,One
Non-Smoker,One
Non-Smoker,One
Non-Smoker,One
Non-Smoker,One
Non-Smoker,One
Non-Smoker,One
Non-Smoker,One
Non-Smoker,One
Non-Smoker,One
Non-Smoker,One
Non-Smoker,One
Non-Smoker,One
Non-Smoker,One
Non-Smoker,One
Non-Smoker,One
Non-Smoker,One
Non-Smoker,One
Non-Smoker,One
Non-Smoker,One
Non-Smoker,One
Non-Smoker,One
Non-Smoker,One
Non-Smoker,One
Non-Smoker,One
Non-Smoker,One
Non-Smoker,One
Non-Smoker,One
Non-Smoker,One
Non-Smoker,One
Non-Smoker,One
Non-Smoker,One
Non-Smoker,One
Non-Smoker,One
Non-Smoker,One
Non-Smoker,One
Non-Smoker,One
Non-Smoker,One
Non-Smoker,One
Non-Smoker,One
Non-Smoker,One
Non-Smoker,One
Non-Smoker,One
Non-Smoker,One
Non-Smoker,One
Non-Smoker,One
Non-Smoker,One
Non-Smoker,One
Non-Smoker,One
Non-Smoker,One
Non-Smoker,One
Non-Smoker,One
Non-Smoker,One
Non-Smoker,One
Non-Smoker,One
Non-Smoker,One
Non-Smoker,One
Non-Smoker,One
Non-Smoker,One
Non-Smoker,One
Non-Smoker,One
Non-Smoker,One
Non-Smoker,One
Non-Smoker,One
Non-Smoker,One
Non-Smoker,One
Non-Smoker,One
Non-Smoker,One
Non-Smoker,One
Non-Smoker,One
Non-Smoker,One
Non-Smoker,One
Non-Smoker,One
Non-Smoker,One
Non-Smoker,One
Non-Smoker,One
Non-Smoker,One
Non-Smoker,One
Non-Smoker,One
Non-Smoker,One
Non-Smoker,One
Non-Smoker,One
Non-Smoker,One
Non-Smoker,One
Non-Smoker,One
Non-Smoker,One
Non-Smoker,One
Non-Smoker,One
Non-Smoker,One
Non-Smoker,One
Non-Smoker,One
Non-Smoker,One
Non-Smoker,One
Non-Smoker,One
Non-Smoker,One
Non-Smoker,One
Non-Smoker,One
Non-Smoker,One
Non-Smoker,One
Non-Smoker,One
Non-Smoker,One
Non-Smoker,One
Non-Smoker,One
Non-Smoker,One
Non-Smoker,One
Non-Smoker,One
Non-Smoker,One
Non-Smoker,One
Non-Smoker,One
Non-Smoker,One
Non-Smoker,One
Non-Smoker,One
Non-Smoker,One
Non-Smoker,One
Non-Smoker,One
Non-Smoker,One
Non-Smoker,One
Non-Smoker,One
Non-Smoker,One
Non-Smoker,One
Non-Smoker,One
Non-Smoker,One
Non-Smoker,One
Non-Smoker,One
Non-Smoker,One
Non-Smoker,One
Non-Smoker,One
Non-Smoker,One
Non-Smoker,One
Non-Smoker,One
Non-Smoker,One
Non-Smoker,One
Non-Smoker,One
Non-Smoker,One
Non-Smoker,One
Non-Smoker,One
Non-Smoker,One
Smoker,One
Smoker,One
Smoker,One
Smoker,One
Smoker,One
Smoker,One
Smoker,One
Smoker,One
Smoker,One
Smoker,One
Smoker,One
Smoker,One
Smoker,One
Smoker,One
Smoker,One
Smoker,One
Smoker,One
Smoker,One
Smoker,One
Smoker,One
Smoker,One
Smoker,One
Smoker,One
Smoker,One
Smoker,One
Smoker,One
Smoker,One
Smoker,One
Smoker,One
Smoker,One
Smoker,One
Smoker,One
Smoker,One
Smoker,One
Smoker,One
Smoker,One
Smoker,One
Smoker,One
Smoker,One
Smoker,One
Smoker,One
Smoker,One
Smoker,One
Smoker,One
Smoker,One
Smoker,One
Smoker,One
Smoker,One
Smoker,One
Smoker,One
Smoker,One
Smoker,One
Smoker,One
Smoker,One
Smoker,One
Smoker,One
Smoker,One
Smoker,One
Smoker,One
Smoker,One
Smoker,One
Smoker,One
Smoker,One
Smoker,One
Smoker,One
Smoker,One
Smoker,One
Smoker,One
Smoker,One
Smoker,One
Smoker,One
Smoker,One
Smoker,One
Smoker,One
Smoker,One
Smoker,One
Smoker,One
Smoker,One
Smoker,One
Smoker,One
Smoker,One
Smoker,One
Smoker,One
Smoker,One
Smoker,One
Smoker,One
Smoker,One
Smoker,One
Smoker,One
Smoker,One
Smoker,One
Smoker,One
Smoker,One
Smoker,One
Smoker,One
Smoker,One
Smoker,One
Smoker,One
Smoker,One
Smoker,One
Smoker,One
Smoker,One
Smoker,One
Smoker,One
Smoker,One
Smoker,One
Smoker,One
Smoker,One
Smoker,One
Smoker,One
Smoker,One
Smoker,One
Smoker,One
Smoker,One
Smoker,One
Smoker,One
Smoker,One
Smoker,One
Smoker,One
Smoker,One
Smoker,One
Smoker,One
Smoker,One
Smoker,One
Smoker,One
Smoker,One
Smoker,One
Smoker,One
Smoker,One
Smoker,One
Smoker,One
Smoker,One
Smoker,One
Smoker,One
Smoker,One
Smoker,One
Smoker,One
Smoker,One
Smoker,One
Smoker,One
Smoker,One
Smoker,One
Smoker,One
Smoker,One
Smoker,One
Smoker,One
Smoker,One
Smoker,One
Smoker,One
Smoker,One
Smoker,One
Smoker,One
Smoker,One
Smoker,One
Smoker,One
Smoker,One
Smoker,One
Smoker,One
Smoker,One
Smoker,One
Smoker,One
Smoker,One
Smoker,One
Smoker,One
Smoker,One
Smoker,One
Smoker,One
Smoker,One
Smoker,One
Smoker,One
Smoker,One
Smoker,One
Smoker,One
Smoker,One
Smoker,One
Smoker,One
Smoker,One
Smoker,One
Smoker,One
Smoker,One
Smoker,One
Smoker,One
Smoker,One
Smoker,One
Smoker,One
Smoker,One
Smoker,One
Smoker,One
Smoker,One
Smoker,One
Smoker,One
Smoker,One
Smoker,One
Smoker,One
Smoker,One
Smoker,One
Smoker,One
Smoker,One
Smoker,One
Smoker,One
Smoker,One
Smoker,One
Smoker,One
Smoker,One
Smoker,One
Smoker,One
Smoker,One
Smoker,One
Smoker,One
Smoker,One
Smoker,One
Smoker,One
Smoker,One
Smoker,One
Smoker,One
Smoker,One
Smoker,One
Smoker,One
Smoker,One
Smoker,One
Smoker,One
Smoker,One
Smoker,One
Smoker,One
Smoker,One
Smoker,One
Smoker,One
Smoker,One
Smoker,One
Smoker,One
Smoker,One
Smoker,One
Smoker,One
Smoker,One
Smoker,One
Smoker,One
Smoker,One
Smoker,One
Smoker,One
Smoker,One
Smoker,One
Smoker,One
Smoker,One
Smoker,One
Smoker,One
Smoker,One
Smoker,One
Smoker,One
Smoker,One
Smoker,One
Smoker,One
Smoker,One
Smoker,One
Smoker,One
Smoker,One
Smoker,One
Smoker,One
Smoker,One
Smoker,One
Smoker,One
Smoker,One
Smoker,One
Smoker,One
Smoker,One
Smoker,One
Smoker,One
Smoker,One
Smoker,One
Smoker,One
Smoker,One
Smoker,One
Smoker,One
Smoker,One
Smoker,One
Smoker,One
Smoker,One
Smoker,One
Smoker,One
Smoker,One
Smoker,One
Smoker,One
Smoker,One
Smoker,One
Smoker,One
Smoker,One
Smoker,One
Smoker,One
Smoker,One
Smoker,One
Smoker,One
Smoker,One
Smoker,One
Smoker,One
Smoker,One
Smoker,One
Smoker,One
Smoker,One
Smoker,One
Smoker,One
Smoker,One
Smoker,One
Smoker,One
Smoker,One
Smoker,One
Smoker,One
Smoker,One
Smoker,One
Smoker,One
Smoker,One
Smoker,One
Smoker,One
Smoker,One
Smoker,One
Smoker,One
Smoker,One
Smoker,One
Smoker,One
Smoker,One
Smoker,One
Smoker,One
Smoker,One
Smoker,One
Smoker,One
Smoker,One
Smoker,One
Smoker,One
Smoker,One
Smoker,One
Smoker,One
Smoker,One
Smoker,One
Smoker,One
Smoker,One
Smoker,One
Smoker,One
Smoker,One
Smoker,One
Smoker,One
Smoker,One
Smoker,One
Smoker,One
Smoker,One
Smoker,One
Smoker,One
Smoker,One
Smoker,One
Smoker,One
Smoker,One
Smoker,One
Smoker,One
Smoker,One
Smoker,One
Smoker,One
Smoker,One
Smoker,One
Smoker,One
Smoker,One
Smoker,One
Smoker,One
Smoker,One
Smoker,One
Smoker,One
Smoker,One
Smoker,One
Smoker,One
Smoker,One
Smoker,One
Smoker,One
Smoker,One
Smoker,One
Smoker,One
Smoker,One
Smoker,One
Smoker,One
Smoker,One
Smoker,One
Smoker,One
Smoker,One
Smoker,One
Smoker,One
Smoker,One
Smoker,One
Smoker,One
Smoker,One
Smoker,One
Smoker,One
Smoker,One
Smoker,One
Smoker,One
Smoker,One
Smoker,One
Smoker,One
Smoker,One
Smoker,One
Smoker,One
Smoker,One
Smoker,One
Smoker,One
Smoker,One
Smoker,One
Smoker,One
Smoker,One
Smoker,One
Smoker,One
Smoker,One
Smoker,One
Smoker,One
Smoker,One
Smoker,One
Smoker,One
Smoker,One
Smoker,One
Smoker,One
Smoker,One
Smoker,One
Smoker,One
Non-Smoker,Both
Non-Smoker,Both
Non-Smoker,Both
Non-Smoker,Both
Non-Smoker,Both
Non-Smoker,Both
Non-Smoker,Both
Non-Smoker,Both
Non-Smoker,Both
Non-Smoker,Both
Non-Smoker,Both
Non-Smoker,Both
Non-Smoker,Both
Non-Smoker,Both
Non-Smoker,Both
Non-Smoker,Both
Non-Smoker,Both
Non-Smoker,Both
Non-Smoker,Both
Non-Smoker,Both
Non-Smoker,Both
Non-Smoker,Both
Non-Smoker,Both
Non-Smoker,Both
Non-Smoker,Both
Non-Smoker,Both
Non-Smoker,Both
Non-Smoker,Both
Non-Smoker,Both
Non-Smoker,Both
Non-Smoker,Both
Non-Smoker,Both
Non-Smoker,Both
Non-Smoker,Both
Non-Smoker,Both
Non-Smoker,Both
Non-Smoker,Both
Non-Smoker,Both
Non-Smoker,Both
Non-Smoker,Both
Non-Smoker,Both
Non-Smoker,Both
Non-Smoker,Both
Non-Smoker,Both
Non-Smoker,Both
Non-Smoker,Both
Non-Smoker,Both
Non-Smoker,Both
Non-Smoker,Both
Non-Smoker,Both
Non-Smoker,Both
Non-Smoker,Both
Non-Smoker,Both
Non-Smoker,Both
Non-Smoker,Both
Non-Smoker,Both
Non-Smoker,Both
Non-Smoker,Both
Non-Smoker,Both
Non-Smoker,Both
Non-Smoker,Both
Non-Smoker,Both
Non-Smoker,Both
Non-Smoker,Both
Non-Smoker,Both
Non-Smoker,Both
Non-Smoker,Both
Non-Smoker,Both
Non-Smoker,Both
Non-Smoker,Both
Non-Smoker,Both
Non-Smoker,Both
Non-Smoker,Both
Non-Smoker,Both
Non-Smoker,Both
Non-Smoker,Both
Non-Smoker,Both
Non-Smoker,Both
Non-Smoker,Both
Non-Smoker,Both
Non-Smoker,Both
Non-Smoker,Both
Non-Smoker,Both
Non-Smoker,Both
Non-Smoker,Both
Non-Smoker,Both
Non-Smoker,Both
Non-Smoker,Both
Non-Smoker,Both
Non-Smoker,Both
Non-Smoker,Both
Non-Smoker,Both
Non-Smoker,Both
Non-Smoker,Both
Non-Smoker,Both
Non-Smoker,Both
Non-Smoker,Both
Non-Smoker,Both
Non-Smoker,Both
Non-Smoker,Both
Non-Smoker,Both
Non-Smoker,Both
Non-Smoker,Both
Non-Smoker,Both
Non-Smoker,Both
Non-Smoker,Both
Non-Smoker,Both
Non-Smoker,Both
Non-Smoker,Both
Non-Smoker,Both
Non-Smoker,Both
Non-Smoker,Both
Non-Smoker,Both
Non-Smoker,Both
Non-Smoker,Both
Non-Smoker,Both
Non-Smoker,Both
Non-Smoker,Both
Non-Smoker,Both
Non-Smoker,Both
Non-Smoker,Both
Non-Smoker,Both
Non-Smoker,Both
Non-Smoker,Both
Non-Smoker,Both
Non-Smoker,Both
Non-Smoker,Both
Non-Smoker,Both
Non-Smoker,Both
Non-Smoker,Both
Non-Smoker,Both
Non-Smoker,Both
Non-Smoker,Both
Non-Smoker,Both
Non-Smoker,Both
Non-Smoker,Both
Non-Smoker,Both
Non-Smoker,Both
Non-Smoker,Both
Non-Smoker,Both
Non-Smoker,Both
Non-Smoker,Both
Non-Smoker,Both
Non-Smoker,Both
Non-Smoker,Both
Non-Smoker,Both
Non-Smoker,Both
Non-Smoker,Both
Non-Smoker,Both
Non-Smoker,Both
Non-Smoker,Both
Non-Smoker,Both
Non-Smoker,Both
Non-Smoker,Both
Non-Smoker,Both
Non-Smoker,Both
Non-Smoker,Both
Non-Smoker,Both
Non-Smoker,Both
Non-Smoker,Both
Non-Smoker,Both
Non-Smoker,Both
Non-Smoker,Both
Non-Smoker,Both
Non-Smoker,Both
Non-Smoker,Both
Non-Smoker,Both
Non-Smoker,Both
Non-Smoker,Both
Non-Smoker,Both
Non-Smoker,Both
Non-Smoker,Both
Non-Smoker,Both
Non-Smoker,Both
Non-Smoker,Both
Non-Smoker,Both
Non-Smoker,Both
Non-Smoker,Both
Non-Smoker,Both
Non-Smoker,Both
Non-Smoker,Both
Non-Smoker,Both
Non-Smoker,Both
Non-Smoker,Both
Non-Smoker,Both
Non-Smoker,Both
Non-Smoker,Both
Non-Smoker,Both
Non-Smoker,Both
Non-Smoker,Both
Non-Smoker,Both
Non-Smoker,Both
Non-Smoker,Both
Non-Smoker,Both
Non-Smoker,Both
Non-Smoker,Both
Non-Smoker,Both
Non-Smoker,Both
Non-Smoker,Both
Non-Smoker,Both
Non-Smoker,Both
Non-Smoker,Both
Non-Smoker,Both
Non-Smoker,Both
Non-Smoker,Both
Non-Smoker,Both
Non-Smoker,Both
Non-Smoker,Both
Non-Smoker,Both
Non-Smoker,Both
Non-Smoker,Both
Non-Smoker,Both
Non-Smoker,Both
Non-Smoker,Both
Non-Smoker,Both
Non-Smoker,Both
Non-Smoker,Both
Non-Smoker,Both
Non-Smoker,Both
Non-Smoker,Both
Non-Smoker,Both
Non-Smoker,Both
Non-Smoker,Both
Non-Smoker,Both
Non-Smoker,Both
Non-Smoker,Both
Non-Smoker,Both
Non-Smoker,Both
Non-Smoker,Both
Non-Smoker,Both
Non-Smoker,Both
Non-Smoker,Both
Non-Smoker,Both
Non-Smoker,Both
Non-Smoker,Both
Non-Smoker,Both
Non-Smoker,Both
Non-Smoker,Both
Non-Smoker,Both
Non-Smoker,Both
Non-Smoker,Both
Non-Smoker,Both
Non-Smoker,Both
Non-Smoker,Both
Non-Smoker,Both
Non-Smoker,Both
Non-Smoker,Both
Non-Smoker,Both
Non-Smoker,Both
Non-Smoker,Both
Non-Smoker,Both
Non-Smoker,Both
Non-Smoker,Both
Non-Smoker,Both
Non-Smoker,Both
Non-Smoker,Both
Non-Smoker,Both
Non-Smoker,Both
Non-Smoker,Both
Non-Smoker,Both
Non-Smoker,Both
Non-Smoker,Both
Non-Smoker,Both
Non-Smoker,Both
Non-Smoker,Both
Non-Smoker,Both
Non-Smoker,Both
Non-Smoker,Both
Non-Smoker,Both
Non-Smoker,Both
Non-Smoker,Both
Non-Smoker,Both
Non-Smoker,Both
Non-Smoker,Both
Non-Smoker,Both
Non-Smoker,Both
Non-Smoker,Both
Non-Smoker,Both
Non-Smoker,Both
Non-Smoker,Both
Non-Smoker,Both
Non-Smoker,Both
Non-Smoker,Both
Non-Smoker,Both
Non-Smoker,Both
Non-Smoker,Both
Non-Smoker,Both
Non-Smoker,Both
Non-Smoker,Both
Non-Smoker,Both
Non-Smoker,Both
Non-Smoker,Both
Non-Smoker,Both
Non-Smoker,Both
Non-Smoker,Both
Non-Smoker,Both
Non-Smoker,Both
Non-Smoker,Both
Non-Smoker,Both
Non-Smoker,Both
Non-Smoker,Both
Non-Smoker,Both
Non-Smoker,Both
Non-Smoker,Both
Non-Smoker,Both
Non-Smoker,Both
Non-Smoker,Both
Non-Smoker,Both
Non-Smoker,Both
Non-Smoker,Both
Non-Smoker,Both
Non-Smoker,Both
Non-Smoker,Both
Non-Smoker,Both
Non-Smoker,Both
Non-Smoker,Both
Non-Smoker,Both
Non-Smoker,Both
Non-Smoker,Both
Non-Smoker,Both
Non-Smoker,Both
Non-Smoker,Both
Non-Smoker,Both
Non-Smoker,Both
Non-Smoker,Both
Non-Smoker,Both
Non-Smoker,Both
Non-Smoker,Both
Non-Smoker,Both
Non-Smoker,Both
Non-Smoker,Both
Non-Smoker,Both
Non-Smoker,Both
Non-Smoker,Both
Non-Smoker,Both
Non-Smoker,Both
Non-Smoker,Both
Non-Smoker,Both
Non-Smoker,Both
Non-Smoker,Both
Non-Smoker,Both
Non-Smoker,Both
Non-Smoker,Both
Non-Smoker,Both
Non-Smoker,Both
Non-Smoker,Both
Non-Smoker,Both
Non-Smoker,Both
Non-Smoker,Both
Non-Smoker,Both
Non-Smoker,Both
Non-Smoker,Both
Non-Smoker,Both
Non-Smoker,Both
Non-Smoker,Both
Non-Smoker,Both
Non-Smoker,Both
Non-Smoker,Both
Non-Smoker,Both
Non-Smoker,Both
Non-Smoker,Both
Non-Smoker,Both
Non-Smoker,Both
Non-Smoker,Both
Non-Smoker,Both
Non-Smoker,Both
Non-Smoker,Both
Non-Smoker,Both
Non-Smoker,Both
Non-Smoker,Both
Non-Smoker,Both
Non-Smoker,Both
Non-Smoker,Both
Non-Smoker,Both
Non-Smoker,Both
Non-Smoker,Both
Non-Smoker,Both
Non-Smoker,Both
Non-Smoker,Both
Non-Smoker,Both
Non-Smoker,Both
Non-Smoker,Both
Non-Smoker,Both
Non-Smoker,Both
Non-Smoker,Both
Non-Smoker,Both
Non-Smoker,Both
Non-Smoker,Both
Non-Smoker,Both
Non-Smoker,Both
Non-Smoker,Both
Non-Smoker,Both
Non-Smoker,Both
Non-Smoker,Both
Non-Smoker,Both
Non-Smoker,Both
Non-Smoker,Both
Non-Smoker,Both
Non-Smoker,Both
Non-Smoker,Both
Non-Smoker,Both
Non-Smoker,Both
Non-Smoker,Both
Non-Smoker,Both
Non-Smoker,Both
Non-Smoker,Both
Non-Smoker,Both
Non-Smoker,Both
Non-Smoker,Both
Non-Smoker,Both
Non-Smoker,Both
Non-Smoker,Both
Non-Smoker,Both
Non-Smoker,Both
Non-Smoker,Both
Non-Smoker,Both
Non-Smoker,Both
Non-Smoker,Both
Non-Smoker,Both
Non-Smoker,Both
Non-Smoker,Both
Non-Smoker,Both
Non-Smoker,Both
Non-Smoker,Both
Non-Smoker,Both
Non-Smoker,Both
Non-Smoker,Both
Non-Smoker,Both
Non-Smoker,Both
Non-Smoker,Both
Non-Smoker,Both
Non-Smoker,Both
Non-Smoker,Both
Non-Smoker,Both
Non-Smoker,Both
Non-Smoker,Both
Non-Smoker,Both
Non-Smoker,Both
Non-Smoker,Both
Non-Smoker,Both
Non-Smoker,Both
Non-Smoker,Both
Non-Smoker,Both
Non-Smoker,Both
Non-Smoker,Both
Non-Smoker,Both
Non-Smoker,Both
Non-Smoker,Both
Non-Smoker,Both
Non-Smoker,Both
Non-Smoker,Both
Non-Smoker,Both
Non-Smoker,Both
Non-Smoker,Both
Non-Smoker,Both
Non-Smoker,Both
Non-Smoker,Both
Non-Smoker,Both
Non-Smoker,Both
Non-Smoker,Both
Non-Smoker,Both
Non-Smoker,Both
Non-Smoker,Both
Non-Smoker,Both
Non-Smoker,Both
Non-Smoker,Both
Non-Smoker,Both
Non-Smoker,Both
Non-Smoker,Both
Non-Smoker,Both
Non-Smoker,Both
Non-Smoker,Both
Non-Smoker,Both
Non-Smoker,Both
Non-Smoker,Both
Non-Smoker,Both
Non-Smoker,Both
Non-Smoker,Both
Non-Smoker,Both
Non-Smoker,Both
Non-Smoker,Both
Non-Smoker,Both
Non-Smoker,Both
Non-Smoker,Both
Non-Smoker,Both
Non-Smoker,Both
Non-Smoker,Both
Non-Smoker,Both
Non-Smoker,Both
Non-Smoker,Both
Non-Smoker,Both
Non-Smoker,Both
Non-Smoker,Both
Non-Smoker,Both
Non-Smoker,Both
Non-Smoker,Both
Non-Smoker,Both
Non-Smoker,Both
Non-Smoker,Both
Non-Smoker,Both
Non-Smoker,Both
Non-Smoker,Both
Non-Smoker,Both
Non-Smoker,Both
Non-Smoker,Both
Non-Smoker,Both
Non-Smoker,Both
Non-Smoker,Both
Non-Smoker,Both
Non-Smoker,Both
Non-Smoker,Both
Non-Smoker,Both
Non-Smoker,Both
Non-Smoker,Both
Non-Smoker,Both
Non-Smoker,Both
Non-Smoker,Both
Non-Smoker,Both
Non-Smoker,Both
Non-Smoker,Both
Non-Smoker,Both
Non-Smoker,Both
Non-Smoker,Both
Non-Smoker,Both
Non-Smoker,Both
Non-Smoker,Both
Non-Smoker,Both
Non-Smoker,Both
Non-Smoker,Both
Non-Smoker,Both
Non-Smoker,Both
Non-Smoker,Both
Non-Smoker,Both
Non-Smoker,Both
Non-Smoker,Both
Non-Smoker,Both
Non-Smoker,Both
Non-Smoker,Both
Non-Smoker,Both
Non-Smoker,Both
Non-Smoker,Both
Non-Smoker,Both
Non-Smoker,Both
Non-Smoker,Both
Non-Smoker,Both
Non-Smoker,Both
Non-Smoker,Both
Non-Smoker,Both
Non-Smoker,Both
Non-Smoker,Both
Non-Smoker,Both
Non-Smoker,Both
Non-Smoker,Both
Non-Smoker,Both
Non-Smoker,Both
Non-Smoker,Both
Non-Smoker,Both
Non-Smoker,Both
Non-Smoker,Both
Non-Smoker,Both
Non-Smoker,Both
Non-Smoker,Both
Non-Smoker,Both
Non-Smoker,Both
Non-Smoker,Both
Non-Smoker,Both
Non-Smoker,Both
Non-Smoker,Both
Non-Smoker,Both
Non-Smoker,Both
Non-Smoker,Both
Non-Smoker,Both
Non-Smoker,Both
Non-Smoker,Both
Non-Smoker,Both
Non-Smoker,Both
Non-Smoker,Both
Non-Smoker,Both
Non-Smoker,Both
Non-Smoker,Both
Non-Smoker,Both
Non-Smoker,Both
Non-Smoker,Both
Non-Smoker,Both
Non-Smoker,Both
Non-Smoker,Both
Non-Smoker,Both
Non-Smoker,Both
Non-Smoker,Both
Non-Smoker,Both
Non-Smoker,Both
Non-Smoker,Both
Non-Smoker,Both
Non-Smoker,Both
Non-Smoker,Both
Non-Smoker,Both
Non-Smoker,Both
Non-Smoker,Both
Non-Smoker,Both
Non-Smoker,Both
Non-Smoker,Both
Non-Smoker,Both
Non-Smoker,Both
Non-Smoker,Both
Non-Smoker,Both
Non-Smoker,Both
Non-Smoker,Both
Non-Smoker,Both
Non-Smoker,Both
Non-Smoker,Both
Non-Smoker,Both
Non-Smoker,Both
Non-Smoker,Both
Non-Smoker,Both
Non-Smoker,Both
Non-Smoker,Both
Non-Smoker,Both
Non-Smoker,Both
Non-Smoker,Both
Non-Smoker,Both
Non-Smoker,Both
Non-Smoker,Both
Non-Smoker,Both
Non-Smoker,Both
Non-Smoker,Both
Non-Smoker,Both
Non-Smoker,Both
Non-Smoker,Both
Non-Smoker,Both
Non-Smoker,Both
Non-Smoker,Both
Non-Smoker,Both
Non-Smoker,Both
Non-Smoker,Both
Non-Smoker,Both
Non-Smoker,Both
Non-Smoker,Both
Non-Smoker,Both
Non-Smoker,Both
Non-Smoker,Both
Non-Smoker,Both
Non-Smoker,Both
Non-Smoker,Both
Non-Smoker,Both
Non-Smoker,Both
Non-Smoker,Both
Non-Smoker,Both
Non-Smoker,Both
Non-Smoker,Both
Non-Smoker,Both
Non-Smoker,Both
Non-Smoker,Both
Non-Smoker,Both
Non-Smoker,Both
Non-Smoker,Both
Non-Smoker,Both
Non-Smoker,Both
Non-Smoker,Both
Non-Smoker,Both
Non-Smoker,Both
Non-Smoker,Both
Non-Smoker,Both
Non-Smoker,Both
Non-Smoker,Both
Non-Smoker,Both
Non-Smoker,Both
Non-Smoker,Both
Non-Smoker,Both
Non-Smoker,Both
Non-Smoker,Both
Non-Smoker,Both
Non-Smoker,Both
Non-Smoker,Both
Non-Smoker,Both
Non-Smoker,Both
Non-Smoker,Both
Non-Smoker,Both
Non-Smoker,Both
Non-Smoker,Both
Non-Smoker,Both
Non-Smoker,Both
Non-Smoker,Both
Non-Smoker,Both
Non-Smoker,Both
Non-Smoker,Both
Non-Smoker,Both
Non-Smoker,Both
Non-Smoker,Both
Non-Smoker,Both
Non-Smoker,Both
Non-Smoker,Both
Non-Smoker,Both
Non-Smoker,Both
Non-Smoker,Both
Non-Smoker,Both
Non-Smoker,Both
Non-Smoker,Both
Non-Smoker,Both
Non-Smoker,Both
Non-Smoker,Both
Non-Smoker,Both
Non-Smoker,Both
Non-Smoker,Both
Non-Smoker,Both
Non-Smoker,Both
Non-Smoker,Both
Non-Smoker,Both
Non-Smoker,Both
Non-Smoker,Both
Non-Smoker,Both
Non-Smoker,Both
Non-Smoker,Both
Non-Smoker,Both
Non-Smoker,Both
Non-Smoker,Both
Non-Smoker,Both
Non-Smoker,Both
Non-Smoker,Both
Non-Smoker,Both
Non-Smoker,Both
Non-Smoker,Both
Non-Smoker,Both
Non-Smoker,Both
Non-Smoker,Both
Non-Smoker,Both
Non-Smoker,Both
Non-Smoker,Both
Non-Smoker,Both
Non-Smoker,Both
Non-Smoker,Both
Non-Smoker,Both
Non-Smoker,Both
Non-Smoker,Both
Non-Smoker,Both
Non-Smoker,Both
Non-Smoker,Both
Non-Smoker,Both
Non-Smoker,Both
Non-Smoker,Both
Non-Smoker,Both
Non-Smoker,Both
Non-Smoker,Both
Non-Smoker,Both
Non-Smoker,Both
Non-Smoker,Both
Non-Smoker,Both
Non-Smoker,Both
Non-Smoker,Both
Non-Smoker,Both
Non-Smoker,Both
Non-Smoker,Both
Non-Smoker,Both
Non-Smoker,Both
Non-Smoker,Both
Non-Smoker,Both
Non-Smoker,Both
Non-Smoker,Both
Non-Smoker,Both
Non-Smoker,Both
Non-Smoker,Both
Non-Smoker,Both
Non-Smoker,Both
Non-Smoker,Both
Non-Smoker,Both
Non-Smoker,Both
Non-Smoker,Both
Non-Smoker,Both
Non-Smoker,Both
Non-Smoker,Both
Non-Smoker,Both
Non-Smoker,Both
Non-Smoker,Both
Non-Smoker,Both
Non-Smoker,Both
Non-Smoker,Both
Non-Smoker,Both
Non-Smoker,Both
Non-Smoker,Both
Non-Smoker,Both
Non-Smoker,Both
Non-Smoker,Both
Non-Smoker,Both
Non-Smoker,Both
Non-Smoker,Both
Non-Smoker,Both
Non-Smoker,Both
Non-Smoker,Both
Non-Smoker,Both
Non-Smoker,Both
Non-Smoker,Both
Non-Smoker,Both
Non-Smoker,Both
Non-Smoker,Both
Non-Smoker,Both
Non-Smoker,Both
Non-Smoker,Both
Non-Smoker,Both
Non-Smoker,Both
Non-Smoker,Both
Non-Smoker,Both
Non-Smoker,Both
Non-Smoker,Both
Non-Smoker,Both
Non-Smoker,Both
Non-Smoker,Both
Non-Smoker,Both
Non-Smoker,Both
Non-Smoker,Both
Non-Smoker,Both
Non-Smoker,Both
Non-Smoker,Both
Non-Smoker,Both
Non-Smoker,Both
Non-Smoker,Both
Non-Smoker,Both
Non-Smoker,Both
Non-Smoker,Both
Non-Smoker,Both
Non-Smoker,Both
Non-Smoker,Both
Non-Smoker,Both
Non-Smoker,Both
Non-Smoker,Both
Non-Smoker,Both
Non-Smoker,Both
Non-Smoker,Both
Non-Smoker,Both
Non-Smoker,Both
Non-Smoker,Both
Non-Smoker,Both
Non-Smoker,Both
Non-Smoker,Both
Non-Smoker,Both
Non-Smoker,Both
Non-Smoker,Both
Non-Smoker,Both
Non-Smoker,Both
Non-Smoker,Both
Non-Smoker,Both
Non-Smoker,Both
Non-Smoker,Both
Non-Smoker,Both
Non-Smoker,Both
Non-Smoker,Both
Non-Smoker,Both
Non-Smoker,Both
Non-Smoker,Both
Non-Smoker,Both
Non-Smoker,Both
Non-Smoker,Both
Non-Smoker,Both
Non-Smoker,Both
Non-Smoker,Both
Non-Smoker,Both
Non-Smoker,Both
Non-Smoker,Both
Non-Smoker,Both
Non-Smoker,Both
Non-Smoker,Both
Non-Smoker,Both
Non-Smoker,Both
Non-Smoker,Both
Non-Smoker,Both
Non-Smoker,Both
Non-Smoker,Both
Non-Smoker,Both
Non-Smoker,Both
Non-Smoker,Both
Non-Smoker,Both
Non-Smoker,Both
Non-Smoker,Both
Non-Smoker,Both
Non-Smoker,Both
Non-Smoker,Both
Non-Smoker,Both
Non-Smoker,Both
Non-Smoker,Both
Non-Smoker,Both
Non-Smoker,Both
Non-Smoker,Both
Non-Smoker,Both
Non-Smoker,Both
Non-Smoker,Both
Non-Smoker,Both
Non-Smoker,Both
Non-Smoker,Both
Non-Smoker,Both
Non-Smoker,Both
Non-Smoker,Both
Non-Smoker,Both
Non-Smoker,Both
Non-Smoker,Both
Non-Smoker,Both
Non-Smoker,Both
Non-Smoker,Both
Non-Smoker,Both
Non-Smoker,Both
Non-Smoker,Both
Non-Smoker,Both
Non-Smoker,Both
Non-Smoker,Both
Non-Smoker,Both
Non-Smoker,Both
Non-Smoker,Both
Non-Smoker,Both
Non-Smoker,Both
Non-Smoker,Both
Non-Smoker,Both
Non-Smoker,Both
Non-Smoker,Both
Non-Smoker,Both
Non-Smoker,Both
Non-Smoker,Both
Non-Smoker,Both
Non-Smoker,Both
Non-Smoker,Both
Non-Smoker,Both
Non-Smoker,Both
Non-Smoker,Both
Non-Smoker,Both
Non-Smoker,Both
Non-Smoker,Both
Non-Smoker,Both
Non-Smoker,Both
Non-Smoker,Both
Non-Smoker,Both
Non-Smoker,Both
Non-Smoker,Both
Non-Smoker,Both
Non-Smoker,Both
Non-Smoker,Both
Non-Smoker,Both
Non-Smoker,Both
Non-Smoker,Both
Non-Smoker,Both
Non-Smoker,Both
Non-Smoker,Both
Non-Smoker,Both
Non-Smoker,Both
Non-Smoker,Both
Non-Smoker,Both
Non-Smoker,Both
Non-Smoker,Both
Non-Smoker,Both
Non-Smoker,Both
Non-Smoker,Both
Non-Smoker,Both
Non-Smoker,Both
Non-Smoker,Both
Non-Smoker,Both
Non-Smoker,Both
Non-Smoker,Both
Non-Smoker,Both
Non-Smoker,Both
Non-Smoker,Both
Non-Smoker,Both
Non-Smoker,Both
Non-Smoker,Both
Non-Smoker,Both
Non-Smoker,Both
Non-Smoker,Both
Non-Smoker,Both
Non-Smoker,Both
Non-Smoker,Both
Non-Smoker,Both
Non-Smoker,Both
Non-Smoker,Both
Non-Smoker,Both
Non-Smoker,Both
Non-Smoker,Both
Non-Smoker,Both
Non-Smoker,Both
Non-Smoker,Both
Non-Smoker,Both
Non-Smoker,Both
Non-Smoker,Both
Non-Smoker,Both
Non-Smoker,Both
Non-Smoker,Both
Non-Smoker,Both
Non-Smoker,Both
Non-Smoker,Both
Non-Smoker,Both
Non-Smoker,Both
Non-Smoker,Both
Non-Smoker,Both
Non-Smoker,Both
Non-Smoker,Both
Non-Smoker,Both
Non-Smoker,Both
Non-Smoker,Both
Non-Smoker,Both
Non-Smoker,Both
Non-Smoker,Both
Non-Smoker,Both
Non-Smoker,Both
Non-Smoker,Both
Non-Smoker,Both
Non-Smoker,Both
Non-Smoker,Both
Non-Smoker,Both
Non-Smoker,Both
Non-Smoker,Both
Non-Smoker,Both
Non-Smoker,Both
Non-Smoker,Both
Non-Smoker,Both
Non-Smoker,Both
Non-Smoker,Both
Non-Smoker,Both
Non-Smoker,Both
Non-Smoker,Both
Non-Smoker,Both
Non-Smoker,Both
Non-Smoker,Both
Non-Smoker,Both
Non-Smoker,Both
Non-Smoker,Both
Non-Smoker,Both
Non-Smoker,Both
Non-Smoker,Both
Non-Smoker,Both
Non-Smoker,Both
Non-Smoker,Both
Non-Smoker,Both
Non-Smoker,Both
Non-Smoker,Both
Non-Smoker,Both
Non-Smoker,Both
Non-Smoker,Both
Non-Smoker,Both
Non-Smoker,Both
Non-Smoker,Both
Non-Smoker,Both
Non-Smoker,Both
Non-Smoker,Both
Non-Smoker,Both
Non-Smoker,Both
Non-Smoker,Both
Non-Smoker,Both
Non-Smoker,Both
Non-Smoker,Both
Non-Smoker,Both
Non-Smoker,Both
Non-Smoker,Both
Non-Smoker,Both
Non-Smoker,Both
Non-Smoker,Both
Non-Smoker,Both
Non-Smoker,Both
Non-Smoker,Both
Non-Smoker,Both
Non-Smoker,Both
Non-Smoker,Both
Non-Smoker,Both
Non-Smoker,Both
Non-Smoker,Both
Non-Smoker,Both
Non-Smoker,Both
Non-Smoker,Both
Non-Smoker,Both
Non-Smoker,Both
Non-Smoker,Both
Non-Smoker,Both
Non-Smoker,Both
Non-Smoker,Both
Non-Smoker,Both
Non-Smoker,Both
Non-Smoker,Both
Non-Smoker,Both
Non-Smoker,Both
Non-Smoker,Both
Non-Smoker,Both
Non-Smoker,Both
Non-Smoker,Both
Non-Smoker,Both
Non-Smoker,Both
Non-Smoker,Both
Non-Smoker,Both
Non-Smoker,Both
Non-Smoker,Both
Non-Smoker,Both
Non-Smoker,Both
Non-Smoker,Both
Non-Smoker,Both
Non-Smoker,Both
Non-Smoker,Both
Non-Smoker,Both
Non-Smoker,Both
Non-Smoker,Both
Non-Smoker,Both
Non-Smoker,Both
Non-Smoker,Both
Non-Smoker,Both
Non-Smoker,Both
Non-Smoker,Both
Non-Smoker,Both
Non-Smoker,Both
Non-Smoker,Both
Non-Smoker,Both
Non-Smoker,Both
Non-Smoker,Both
Non-Smoker,Both
Non-Smoker,Both
Non-Smoker,Both
Non-Smoker,Both
Non-Smoker,Both
Non-Smoker,Both
Non-Smoker,Both
Non-Smoker,Both
Non-Smoker,Both
Non-Smoker,Both
Non-Smoker,Both
Non-Smoker,Both
Non-Smoker,Both
Non-Smoker,Both
Non-Smoker,Both
Non-Smoker,Both
Non-Smoker,Both
Non-Smoker,Both
Non-Smoker,Both
Non-Smoker,Both
Non-Smoker,Both
Non-Smoker,Both
Non-Smoker,Both
Non-Smoker,Both
Non-Smoker,Both
Non-Smoker,Both
Non-Smoker,Both
Non-Smoker,Both
Non-Smoker,Both
Non-Smoker,Both
Non-Smoker,Both
Non-Smoker,Both
Non-Smoker,Both
Non-Smoker,Both
Non-Smoker,Both
Non-Smoker,Both
Non-Smoker,Both
Non-Smoker,Both
Non-Smoker,Both
Non-Smoker,Both
Non-Smoker,Both
Non-Smoker,Both
Non-Smoker,Both
Non-Smoker,Both
Non-Smoker,Both
Non-Smoker,Both
Non-Smoker,Both
Non-Smoker,Both
Non-Smoker,Both
Non-Smoker,Both
Non-Smoker,Both
Non-Smoker,Both
Non-Smoker,Both
Non-Smoker,Both
Non-Smoker,Both
Non-Smoker,Both
Non-Smoker,Both
Non-Smoker,Both
Non-Smoker,Both
Non-Smoker,Both
Non-Smoker,Both
Non-Smoker,Both
Non-Smoker,Both
Non-Smoker,Both
Non-Smoker,Both
Non-Smoker,Both
Non-Smoker,Both
Non-Smoker,Both
Non-Smoker,Both
Non-Smoker,Both
Non-Smoker,Both
Non-Smoker,Both
Non-Smoker,Both
Non-Smoker,Both
Non-Smoker,Both
Non-Smoker,Both
Non-Smoker,Both
Non-Smoker,Both
Non-Smoker,Both
Non-Smoker,Both
Non-Smoker,Both
Non-Smoker,Both
Non-Smoker,Both
Non-Smoker,Both
Non-Smoker,Both
Non-Smoker,Both
Non-Smoker,Both
Non-Smoker,Both
Non-Smoker,Both
Non-Smoker,Both
Non-Smoker,Both
Non-Smoker,Both
Non-Smoker,Both
Non-Smoker,Both
Non-Smoker,Both
Non-Smoker,Both
Non-Smoker,Both
Non-Smoker,Both
Non-Smoker,Both
Non-Smoker,Both
Non-Smoker,Both
Non-Smoker,Both
Non-Smoker,Both
Non-Smoker,Both
Non-Smoker,Both
Non-Smoker,Both
Non-Smoker,Both
Non-Smoker,Both
Non-Smoker,Both
Non-Smoker,Both
Non-Smoker,Both
Non-Smoker,Both
Non-Smoker,Both
Non-Smoker,Both
Non-Smoker,Both
Non-Smoker,Both
Non-Smoker,Both
Non-Smoker,Both
Non-Smoker,Both
Non-Smoker,Both
Non-Smoker,Both
Non-Smoker,Both
Non-Smoker,Both
Non-Smoker,Both
Non-Smoker,Both
Non-Smoker,Both
Non-Smoker,Both
Non-Smoker,Both
Non-Smoker,Both
Non-Smoker,Both
Non-Smoker,Both
Non-Smoker,Both
Non-Smoker,Both
Non-Smoker,Both
Non-Smoker,Both
Non-Smoker,Both
Non-Smoker,Both
Non-Smoker,Both
Non-Smoker,Both
Non-Smoker,Both
Non-Smoker,Both
Non-Smoker,Both
Non-Smoker,Both
Non-Smoker,Both
Non-Smoker,Both
Non-Smoker,Both
Non-Smoker,Both
Non-Smoker,Both
Non-Smoker,Both
Non-Smoker,Both
Non-Smoker,Both
Non-Smoker,Both
Non-Smoker,Both
Non-Smoker,Both
Non-Smoker,Both
Non-Smoker,Both
Non-Smoker,Both
Non-Smoker,Both
Non-Smoker,Both
Non-Smoker,Both
Non-Smoker,Both
Non-Smoker,Both
Non-Smoker,Both
Non-Smoker,Both
Non-Smoker,Both
Non-Smoker,Both
Non-Smoker,Both
Non-Smoker,Both
Non-Smoker,Both
Non-Smoker,Both
Non-Smoker,Both
Non-Smoker,Both
Non-Smoker,Both
Non-Smoker,Both
Non-Smoker,Both
Non-Smoker,Both
Non-Smoker,Both
Non-Smoker,Both
Non-Smoker,Both
Non-Smoker,Both
Non-Smoker,Both
Non-Smoker,Both
Non-Smoker,Both
Non-Smoker,Both
Non-Smoker,Both
Non-Smoker,Both
Non-Smoker,Both
Non-Smoker,Both
Non-Smoker,Both
Non-Smoker,Both
Non-Smoker,Both
Non-Smoker,Both
Non-Smoker,Both
Non-Smoker,Both
Non-Smoker,Both
Non-Smoker,Both
Non-Smoker,Both
Non-Smoker,Both
Non-Smoker,Both
Non-Smoker,Both
Non-Smoker,Both
Non-Smoker,Both
Non-Smoker,Both
Non-Smoker,Both
Non-Smoker,Both
Non-Smoker,Both
Non-Smoker,Both
Non-Smoker,Both
Non-Smoker,Both
Non-Smoker,Both
Non-Smoker,Both
Non-Smoker,Both
Non-Smoker,Both
Non-Smoker,Both
Non-Smoker,Both
Non-Smoker,Both
Non-Smoker,Both
Non-Smoker,Both
Non-Smoker,Both
Non-Smoker,Both
Non-Smoker,Both
Non-Smoker,Both
Non-Smoker,Both
Non-Smoker,Both
Non-Smoker,Both
Non-Smoker,Both
Non-Smoker,Both
Non-Smoker,Both
Non-Smoker,Both
Non-Smoker,Both
Non-Smoker,Both
Non-Smoker,Both
Non-Smoker,Both
Non-Smoker,Both
Non-Smoker,Both
Non-Smoker,Both
Non-Smoker,Both
Non-Smoker,Both
Non-Smoker,Both
Non-Smoker,Both
Non-Smoker,Both
Non-Smoker,Both
Non-Smoker,Both
Non-Smoker,Both
Non-Smoker,Both
Non-Smoker,Both
Non-Smoker,Both
Non-Smoker,Both
Non-Smoker,Both
Non-Smoker,Both
Non-Smoker,Both
Non-Smoker,Both
Non-Smoker,Both
Non-Smoker,Both
Non-Smoker,Both
Non-Smoker,Both
Non-Smoker,Both
Non-Smoker,Both
Non-Smoker,Both
Non-Smoker,Both
Non-Smoker,Both
Non-Smoker,Both
Non-Smoker,Both
Non-Smoker,Both
Non-Smoker,Both
Non-Smoker,Both
Non-Smoker,Both
Non-Smoker,Both
Non-Smoker,Both
Non-Smoker,Both
Non-Smoker,Both
Non-Smoker,Both
Non-Smoker,Both
Non-Smoker,Both
Non-Smoker,Both
Non-Smoker,Both
Non-Smoker,Both
Non-Smoker,Both
Smoker,Both
Smoker,Both
Smoker,Both
Smoker,Both
Smoker,Both
Smoker,Both
Smoker,Both
Smoker,Both
Smoker,Both
Smoker,Both
Smoker,Both
Smoker,Both
Smoker,Both
Smoker,Both
Smoker,Both
Smoker,Both
Smoker,Both
Smoker,Both
Smoker,Both
Smoker,Both
Smoker,Both
Smoker,Both
Smoker,Both
Smoker,Both
Smoker,Both
Smoker,Both
Smoker,Both
Smoker,Both
Smoker,Both
Smoker,Both
Smoker,Both
Smoker,Both
Smoker,Both
Smoker,Both
Smoker,Both
Smoker,Both
Smoker,Both
Smoker,Both
Smoker,Both
Smoker,Both
Smoker,Both
Smoker,Both
Smoker,Both
Smoker,Both
Smoker,Both
Smoker,Both
Smoker,Both
Smoker,Both
Smoker,Both
Smoker,Both
Smoker,Both
Smoker,Both
Smoker,Both
Smoker,Both
Smoker,Both
Smoker,Both
Smoker,Both
Smoker,Both
Smoker,Both
Smoker,Both
Smoker,Both
Smoker,Both
Smoker,Both
Smoker,Both
Smoker,Both
Smoker,Both
Smoker,Both
Smoker,Both
Smoker,Both
Smoker,Both
Smoker,Both
Smoker,Both
Smoker,Both
Smoker,Both
Smoker,Both
Smoker,Both
Smoker,Both
Smoker,Both
Smoker,Both
Smoker,Both
Smoker,Both
Smoker,Both
Smoker,Both
Smoker,Both
Smoker,Both
Smoker,Both
Smoker,Both
Smoker,Both
Smoker,Both
Smoker,Both
Smoker,Both
Smoker,Both
Smoker,Both
Smoker,Both
Smoker,Both
Smoker,Both
Smoker,Both
Smoker,Both
Smoker,Both
Smoker,Both
Smoker,Both
Smoker,Both
Smoker,Both
Smoker,Both
Smoker,Both
Smoker,Both
Smoker,Both
Smoker,Both
Smoker,Both
Smoker,Both
Smoker,Both
Smoker,Both
Smoker,Both
Smoker,Both
Smoker,Both
Smoker,Both
Smoker,Both
Smoker,Both
Smoker,Both
Smoker,Both
Smoker,Both
Smoker,Both
Smoker,Both
Smoker,Both
Smoker,Both
Smoker,Both
Smoker,Both
Smoker,Both
Smoker,Both
Smoker,Both
Smoker,Both
Smoker,Both
Smoker,Both
Smoker,Both
Smoker,Both
Smoker,Both
Smoker,Both
Smoker,Both
Smoker,Both
Smoker,Both
Smoker,Both
Smoker,Both
Smoker,Both
Smoker,Both
Smoker,Both
Smoker,Both
Smoker,Both
Smoker,Both
Smoker,Both
Smoker,Both
Smoker,Both
Smoker,Both
Smoker,Both
Smoker,Both
Smoker,Both
Smoker,Both
Smoker,Both
Smoker,Both
Smoker,Both
Smoker,Both
Smoker,Both
Smoker,Both
Smoker,Both
Smoker,Both
Smoker,Both
Smoker,Both
Smoker,Both
Smoker,Both
Smoker,Both
Smoker,Both
Smoker,Both
Smoker,Both
Smoker,Both
Smoker,Both
Smoker,Both
Smoker,Both
Smoker,Both
Smoker,Both
Smoker,Both
Smoker,Both
Smoker,Both
Smoker,Both
Smoker,Both
Smoker,Both
Smoker,Both
Smoker,Both
Smoker,Both
Smoker,Both
Smoker,Both
Smoker,Both
Smoker,Both
Smoker,Both
Smoker,Both
Smoker,Both
Smoker,Both
Smoker,Both
Smoker,Both
Smoker,Both
Smoker,Both
Smoker,Both
Smoker,Both
Smoker,Both
Smoker,Both
Smoker,Both
Smoker,Both
Smoker,Both
Smoker,Both
Smoker,Both
Smoker,Both
Smoker,Both
Smoker,Both
Smoker,Both
Smoker,Both
Smoker,Both
Smoker,Both
Smoker,Both
Smoker,Both
Smoker,Both
Smoker,Both
Smoker,Both
Smoker,Both
Smoker,Both
Smoker,Both
Smoker,Both
Smoker,Both
Smoker,Both
Smoker,Both
Smoker,Both
Smoker,Both
Smoker,Both
Smoker,Both
Smoker,Both
Smoker,Both
Smoker,Both
Smoker,Both
Smoker,Both
Smoker,Both
Smoker,Both
Smoker,Both
Smoker,Both
Smoker,Both
Smoker,Both
Smoker,Both
Smoker,Both
Smoker,Both
Smoker,Both
Smoker,Both
Smoker,Both
Smoker,Both
Smoker,Both
Smoker,Both
Smoker,Both
Smoker,Both
Smoker,Both
Smoker,Both
Smoker,Both
Smoker,Both
Smoker,Both
Smoker,Both
Smoker,Both
Smoker,Both
Smoker,Both
Smoker,Both
Smoker,Both
Smoker,Both
Smoker,Both
Smoker,Both
Smoker,Both
Smoker,Both
Smoker,Both
Smoker,Both
Smoker,Both
Smoker,Both
Smoker,Both
Smoker,Both
Smoker,Both
Smoker,Both
Smoker,Both
Smoker,Both
Smoker,Both
Smoker,Both
Smoker,Both
Smoker,Both
Smoker,Both
Smoker,Both
Smoker,Both
Smoker,Both
Smoker,Both
Smoker,Both
Smoker,Both
Smoker,Both
Smoker,Both
Smoker,Both
Smoker,Both
Smoker,Both
Smoker,Both
Smoker,Both
Smoker,Both
Smoker,Both
Smoker,Both
Smoker,Both
Smoker,Both
Smoker,Both
Smoker,Both
Smoker,Both
Smoker,Both
Smoker,Both
Smoker,Both
Smoker,Both
Smoker,Both
Smoker,Both
Smoker,Both
Smoker,Both
Smoker,Both
Smoker,Both
Smoker,Both
Smoker,Both
Smoker,Both
Smoker,Both
Smoker,Both
Smoker,Both
Smoker,Both
Smoker,Both
Smoker,Both
Smoker,Both
Smoker,Both
Smoker,Both
Smoker,Both
Smoker,Both
Smoker,Both
Smoker,Both
Smoker,Both
Smoker,Both
Smoker,Both
Smoker,Both
Smoker,Both
Smoker,Both
Smoker,Both
Smoker,Both
Smoker,Both
Smoker,Both
Smoker,Both
Smoker,Both
Smoker,Both
Smoker,Both
Smoker,Both
Smoker,Both
Smoker,Both
Smoker,Both
Smoker,Both
Smoker,Both
Smoker,Both
Smoker,Both
Smoker,Both
Smoker,Both
Smoker,Both
Smoker,Both
Smoker,Both
Smoker,Both
Smoker,Both
Smoker,Both
Smoker,Both
Smoker,Both
Smoker,Both
Smoker,Both
Smoker,Both
Smoker,Both
Smoker,Both
Smoker,Both
Smoker,Both
Smoker,Both
Smoker,Both
Smoker,Both
Smoker,Both
Smoker,Both
Smoker,Both
Smoker,Both
Smoker,Both
Smoker,Both
Smoker,Both
Smoker,Both
Smoker,Both
Smoker,Both
Smoker,Both
Smoker,Both
Smoker,Both
Smoker,Both
Smoker,Both
Smoker,Both
Smoker,Both
Smoker,Both
Smoker,Both
Smoker,Both
Smoker,Both
Smoker,Both
Smoker,Both
Smoker,Both
Smoker,Both
Smoker,Both
Smoker,Both
