Gender,EyeColor
Female,Blue
Male,Blue
Male,Blue
Female,Blue
Male,Blue
Male,Blue
Male,Blue
Female,Blue
Female,Blue
Male,Blue
Male,Blue
Male,Blue
Female,Blue
Female,Blue
Male,Blue
Female,Blue
Male,Blue
Female,Blue
Male,Blue
Male,Blue
Male,Blue
Female,Blue
Male,Blue
Male,Blue
Male,Blue
Male,Blue
Female,Blue
Male,Blue
Male,Blue
Male,Blue
Male,Blue
Male,Blue
Female,Blue
Female,Blue
Male,Blue
Female,Blue
Male,Blue
Female,Blue
Female,Blue
Male,Blue
Female,Blue
Female,Blue
Female,Blue
Male,Blue
Female,Blue
Female,Blue
Female,Blue
Female,Blue
Female,Blue
Female,Blue
Female,Blue
Male,Blue
Female,Blue
Female,Blue
Male,Blue
Male,Blue
Male,Blue
Female,Blue
Female,Blue
Female,Blue
Male,Blue
Male,Blue
Male,Blue
Male,Blue
Female,Blue
Male,Blue
Female,Blue
Male,Blue
Male,Blue
Female,Blue
Female,Blue
Female,Blue
Female,Blue
Male,Blue
Female,Blue
Male,Blue
Male,Blue
Female,Blue
Female,Blue
Male,Blue
Male,Blue
Male,Blue
Male,Blue
Male,Blue
Male,Blue
Male,Blue
Male,Blue
Female,Blue
Male,Blue
Female,Blue
Female,Blue
Female,Blue
Female,Blue
Female,Blue
Male,Blue
Male,Blue
Male,Blue
Female,Blue
Female,Blue
Female,Blue
Male,Blue
Male,Blue
Male,Blue
Male,Blue
Male,Blue
Male,Blue
Female,Blue
Female,Blue
Male,Blue
Male,Blue
Male,Blue
Male,Blue
Female,Blue
Female,Blue
Female,Blue
Female,Blue
Female,Blue
Male,Blue
Female,Blue
Female,Blue
Male,Blue
Male,Blue
Male,Blue
Female,Blue
Female,Blue
Male,Blue
Male,Blue
Male,Blue
Female,Blue
Male,Blue
Male,Blue
Male,Blue
Female,Blue
Male,Blue
Male,Blue
Male,Blue
Female,Blue
Male,Blue
Female,Blue
Male,Blue
Female,Blue
Female,Blue
Male,Blue
Male,Blue
Female,Blue
Male,Blue
Male,Blue
Female,Blue
Female,Blue
Female,Blue
Male,Blue
Female,Blue
Male,Blue
Female,Blue
Male,Blue
Female,Blue
Male,Blue
Female,Blue
Male,Blue
Female,Blue
Male,Blue
Female,Blue
Female,Blue
Female,Blue
Male,Blue
Female,Blue
Male,Blue
Female,Blue
Male,Blue
Female,Blue
Male,Blue
Female,Blue
Male,Blue
Male,Blue
Male,Blue
Male,Blue
Male,Blue
Female,Blue
Female,Blue
Female,Blue
Male,Blue
Female,Blue
Male,Blue
Male,Blue
Female,Blue
Male,Blue
Female,Blue
Female,Blue
Female,Blue
Male,Blue
Male,Blue
Female,Blue
Female,Blue
Female,Blue
Female,Blue
Male,Blue
Male,Blue
Female,Blue
Female,Blue
Male,Blue
Female,Blue
Female,Blue
Male,Blue
Male,Blue
Female,Blue
Female,Blue
Male,Blue
Male,Blue
Female,Blue
Male,Blue
Male,Blue
Male,Blue
Male,Blue
Male,Blue
Male,Blue
Male,Blue
Female,Blue
Female,Blue
Male,Blue
Female,Blue
Female,Blue
Male,Blue
Female,Blue
Male,Blue
Female,Blue
Female,Blue
Male,Blue
Female,Blue
Male,Blue
Female,Blue
Male,Blue
Female,Blue
Female,Blue
Female,Blue
Male,Blue
Male,Blue
Male,Blue
Female,Blue
Female,Blue
Male,Blue
Male,Blue
Female,Blue
Male,Blue
Male,Blue
Male,Blue
Male,Blue
Male,Blue
Female,Blue
Male,Blue
Male,Blue
Female,Blue
Male,Blue
Male,Blue
Female,Blue
Female,Blue
Female,Blue
Female,Blue
Male,Blue
Female,Blue
Female,Blue
Female,Blue
Female,Blue
Female,Blue
Male,Blue
Male,Blue
Female,Blue
Female,Blue
Female,Blue
Male,Blue
Female,Blue
Female,Blue
Male,Blue
Female,Blue
Female,Blue
Male,Blue
Male,Blue
Male,Blue
Female,Blue
Female,Blue
Female,Blue
Male,Blue
Female,Blue
Female,Blue
Male,Blue
Female,Blue
Female,Blue
Female,Blue
Female,Blue
Female,Blue
Female,Blue
Female,Blue
Female,Blue
Female,Blue
Female,Blue
Male,Blue
Male,Blue
Male,Blue
Male,Blue
Male,Blue
Male,Blue
Female,Blue
Male,Blue
Male,Blue
Male,Blue
Male,Blue
Female,Blue
Male,Blue
Female,Blue
Female,Blue
Male,Blue
Female,Blue
Female,Blue
Female,Blue
Female,Blue
Male,Blue
Male,Blue
Female,Blue
Female,Blue
Female,Blue
Female,Blue
Female,Blue
Male,Blue
Female,Blue
Male,Blue
Male,Blue
Female,Blue
Female,Blue
Male,Blue
Male,Blue
Male,Blue
Female,Blue
Female,Blue
Male,Blue
Male,Blue
Female,Blue
Male,Blue
Male,Blue
Male,Blue
Male,Blue
Female,Blue
Female,Blue
Male,Blue
Male,Blue
Male,Blue
Male,Blue
Female,Blue
Female,Blue
Female,Blue
Male,Blue
Female,Blue
Female,Blue
Male,Blue
Male,Blue
Male,Blue
Male,Blue
Male,Blue
Female,Blue
Male,Blue
Male,Blue
Female,Blue
Male,Blue
Female,Blue
Male,Blue
Male,Blue
Female,Blue
Female,Blue
Male,Blue
Male,Blue
Male,Blue
Male,Blue
Male,Blue
Female,Blue
Female,Blue
Female,Blue
Female,Blue
Male,Blue
Female,Blue
Female,Blue
Female,Blue
Female,Blue
Male,Blue
Male,Blue
Female,Blue
Male,Blue
Female,Blue
Male,Blue
Female,Blue
Female,Blue
Male,Blue
Male,Blue
Female,Blue
Male,Blue
Male,Blue
Female,Blue
Female,Blue
Male,Blue
Female,Blue
Female,Blue
Male,Blue
Male,Blue
Female,Blue
Male,Blue
Female,Blue
Female,Blue
Male,Blue
Female,Blue
Female,Blue
Female,Blue
Male,Blue
Male,Blue
Female,Blue
Male,Blue
Male,Blue
Male,Blue
Male,Blue
Male,Blue
Male,Blue
Female,Blue
Female,Blue
Female,Blue
Male,Blue
Male,Blue
Male,Blue
Male,Blue
Male,Blue
Female,Blue
Male,Blue
Female,Blue
Male,Blue
Male,Blue
Female,Blue
Male,Blue
Male,Blue
Female,Blue
Female,Blue
Female,Blue
Female,Blue
Female,Blue
Female,Blue
Male,Blue
Female,Blue
Male,Blue
Female,Blue
Female,Blue
Female,Blue
Female,Blue
Female,Blue
Male,Blue
Female,Blue
Female,Blue
Female,Blue
Male,Blue
Female,Blue
Male,Blue
Male,Blue
Female,Blue
Female,Blue
Male,Blue
Female,Blue
Female,Blue
Male,Blue
Male,Blue
Female,Blue
Female,Blue
Female,Blue
Male,Blue
Female,Blue
Male,Blue
Female,Blue
Male,Blue
Male,Blue
Female,Blue
Male,Blue
Male,Blue
Female,Blue
Male,Blue
Female,Blue
Male,Blue
Male,Blue
Female,Blue
Female,Blue
Female,Blue
Female,Blue
Male,Blue
Female,Blue
Male,Blue
Female,Blue
Female,Blue
Male,Blue
Male,Blue
Female,Blue
Male,Blue
Male,Blue
Female,Blue
Female,Blue
Female,Blue
Female,Blue
Male,Blue
Male,Blue
Female,Blue
Female,Blue
Male,Blue
Female,Blue
Male,Blue
Female,Blue
Male,Blue
Male,Blue
Female,Blue
Male,Blue
Male,Blue
Female,Blue
Female,Blue
Male,Blue
Male,Blue
Female,Blue
Female,Blue
Male,Blue
Male,Blue
Female,Blue
Female,Blue
Male,Blue
Female,Blue
Male,Blue
Male,Blue
Male,Blue
Male,Blue
Male,Blue
Male,Blue
Male,Blue
Female,Blue
Male,Blue
Female,Blue
Male,Blue
Male,Blue
Male,Blue
Female,Blue
Male,Blue
Female,Blue
Male,Blue
Male,Blue
Male,Blue
Male,Blue
Male,Blue
Female,Blue
Male,Blue
Male,Blue
Female,Blue
Female,Blue
Female,Blue
Female,Blue
Male,Blue
Male,Blue
Female,Blue
Male,Blue
Female,Blue
Female,Blue
Male,Blue
Female,Blue
Male,Blue
Female,Blue
Female,Blue
Female,Blue
Female,Blue
Male,Blue
Male,Blue
Female,Blue
Female,Blue
Female,Blue
Female,Blue
Male,Blue
Female,Blue
Male,Blue
Female,Blue
Male,Blue
Female,Blue
Female,Blue
Male,Blue
Female,Blue
Male,Blue
Female,Blue
Male,Blue
Male,Blue
Male,Blue
Male,Blue
Female,Blue
Male,Blue
Female,Blue
Female,Blue
Female,Blue
Female,Blue
Female,Blue
Female,Blue
Female,Blue
Male,Blue
Female,Blue
Female,Blue
Male,Blue
Male,Blue
Female,Blue
Female,Blue
Male,Blue
Male,Blue
Male,Blue
Male,Blue
Male,Blue
Male,Blue
Male,Blue
Female,Blue
Male,Blue
Male,Blue
Male,Blue
Male,Blue
Female,Blue
Male,Blue
Male,Blue
Female,Blue
Female,Blue
Female,Blue
Female,Blue
Male,Blue
Female,Blue
Female,Blue
Female,Blue
Female,Blue
Male,Blue
Male,Blue
Female,Blue
Male,Blue
Male,Blue
Female,Blue
Female,Blue
Female,Blue
Female,Blue
Female,Blue
Male,Blue
Male,Blue
Female,Blue
Female,Blue
Male,Blue
Female,Blue
Male,Blue
Female,Blue
Male,Blue
Male,Blue
Male,Blue
Female,Blue
Male,Blue
Male,Blue
Female,Blue
Female,Blue
Female,Blue
Female,Blue
Female,Blue
Female,Blue
Female,Blue
Female,Blue
Female,Blue
Female,Blue
Male,Blue
Female,Blue
Female,Blue
Male,Blue
Male,Blue
Female,Blue
Female,Blue
Male,Blue
Male,Blue
Female,Blue
Male,Blue
Male,Blue
Male,Blue
Female,Blue
Female,Blue
Male,Blue
Female,Blue
Female,Blue
Female,Blue
Female,Blue
Male,Blue
Male,Blue
Female,Blue
Female,Blue
Female,Blue
Male,Blue
Male,Blue
Male,Blue
Female,Blue
Female,Blue
Female,Blue
Female,Blue
Female,Blue
Male,Blue
Female,Blue
Female,Blue
Male,Blue
Female,Blue
Male,Blue
Male,Blue
Female,Blue
Male,Blue
Male,Blue
Female,Blue
Female,Blue
Female,Blue
Female,Blue
Male,Blue
Female,Blue
Male,Blue
Male,Blue
Female,Blue
Male,Blue
Female,Blue
Female,Blue
Male,Blue
Female,Blue
Male,Blue
Male,Blue
Female,Blue
Female,Blue
Female,Blue
Female,Blue
Male,Blue
Male,Blue
Female,Blue
Male,Blue
Female,Blue
Male,Blue
Female,Blue
Male,Blue
Male,Brown
Male,Brown
Male,Brown
Female,Brown
Male,Brown
Female,Brown
Male,Brown
Male,Brown
Female,Brown
Female,Brown
Female,Brown
Male,Brown
Male,Brown
Male,Brown
Male,Brown
Female,Brown
Female,Brown
Female,Brown
Female,Brown
Male,Brown
Male,Brown
Male,Brown
Female,Brown
Female,Brown
Male,Brown
Male,Brown
Female,Brown
Female,Brown
Female,Brown
Female,Brown
Female,Brown
Male,Brown
Male,Brown
Male,Brown
Male,Brown
Male,Brown
Female,Brown
Male,Brown
Male,Brown
Male,Brown
Male,Brown
Female,Brown
Male,Brown
Male,Brown
Male,Brown
Male,Brown
Male,Brown
Female,Brown
Female,Brown
Female,Brown
Male,Brown
Male,Brown
Female,Brown
Female,Brown
Male,Brown
Female,Brown
Female,Brown
Female,Brown
Male,Brown
Female,Brown
Male,Brown
Female,Brown
Female,Brown
Male,Brown
Female,Brown
Female,Brown
Female,Brown
Male,Brown
Female,Brown
Female,Brown
Female,Brown
Female,Brown
Female,Brown
Female,Brown
Male,Brown
Male,Brown
Female,Brown
Female,Brown
Female,Brown
Female,Brown
Male,Brown
Female,Brown
Female,Brown
Male,Brown
Female,Brown
Male,Brown
Male,Brown
Male,Brown
Female,Brown
Female,Brown
Female,Brown
Female,Brown
Male,Brown
Female,Brown
Male,Brown
Female,Brown
Female,Brown
Female,Brown
Female,Brown
Female,Brown
Male,Brown
Female,Brown
Male,Brown
Female,Brown
Male,Brown
Male,Brown
Female,Brown
Male,Brown
Male,Brown
Male,Brown
Female,Brown
Female,Brown
Female,Brown
Female,Brown
Female,Brown
Female,Brown
Female,Brown
Female,Brown
Female,Brown
Female,Brown
Male,Brown
Male,Brown
Female,Brown
Female,Brown
Male,Brown
Female,Brown
Male,Brown
Female,Brown
Male,Brown
Male,Brown
Male,Brown
Female,Brown
Female,Brown
Female,Brown
Male,Brown
Male,Brown
Female,Brown
Female,Brown
Male,Brown
Male,Brown
Male,Brown
Male,Brown
Male,Brown
Female,Brown
Female,Brown
Male,Brown
Male,Brown
Male,Brown
Female,Brown
Female,Brown
Female,Brown
Female,Brown
Male,Brown
Male,Brown
Male,Brown
Female,Brown
Female,Brown
Male,Brown
Female,Brown
Female,Brown
Male,Brown
Male,Brown
Female,Brown
Female,Brown
Female,Brown
Female,Brown
Male,Brown
Male,Brown
Male,Brown
Female,Brown
Female,Brown
Female,Brown
Male,Brown
Male,Brown
Female,Brown
Male,Brown
Male,Brown
Male,Brown
Female,Brown
Male,Brown
Female,Brown
Male,Brown
Male,Brown
Female,Brown
Male,Brown
Female,Brown
Female,Brown
Male,Brown
Female,Brown
Female,Brown
Male,Brown
Female,Brown
Female,Brown
Female,Brown
Female,Brown
Female,Brown
Female,Brown
Female,Brown
Female,Brown
Female,Brown
Female,Brown
Female,Brown
Female,Brown
Female,Brown
Male,Brown
Male,Brown
Female,Brown
Male,Brown
Female,Brown
Female,Brown
Female,Brown
Female,Brown
Male,Brown
Male,Brown
Male,Brown
Female,Brown
Female,Brown
Female,Brown
Female,Brown
Female,Brown
Female,Brown
Female,Brown
Male,Brown
Male,Brown
Male,Brown
Female,Brown
Male,Brown
Female,Brown
Male,Brown
Male,Brown
Female,Brown
Male,Brown
Female,Brown
Male,Brown
Female,Brown
Male,Brown
Female,Brown
Female,Brown
Female,Brown
Female,Brown
Female,Brown
Female,Brown
Female,Brown
Female,Brown
Female,Brown
Male,Brown
Male,Brown
Female,Brown
Male,Brown
Female,Brown
Male,Brown
Female,Brown
Male,Brown
Female,Brown
Male,Brown
Male,Brown
Male,Brown
Female,Brown
Male,Brown
Female,Brown
Female,Brown
Female,Brown
Female,Brown
Female,Brown
Female,Brown
Male,Brown
Female,Brown
Male,Brown
Female,Brown
Male,Brown
Male,Brown
Male,Brown
Female,Brown
Male,Brown
Male,Brown
Male,Brown
Female,Brown
Female,Brown
Male,Brown
Female,Brown
Male,Brown
Female,Brown
Female,Brown
Female,Brown
Female,Brown
Male,Brown
Female,Brown
Female,Brown
Female,Brown
Male,Brown
Female,Brown
Female,Brown
Male,Brown
Female,Brown
Male,Brown
Female,Brown
Male,Brown
Male,Brown
Female,Brown
Male,Brown
Male,Brown
Male,Brown
Female,Brown
Female,Brown
Female,Brown
Male,Brown
Female,Brown
Female,Brown
Female,Brown
Male,Brown
Female,Brown
Male,Brown
Female,Brown
Female,Brown
Male,Brown
Male,Brown
Female,Brown
Female,Brown
Female,Brown
Male,Brown
Female,Brown
Male,Brown
Female,Brown
Male,Brown
Male,Brown
Male,Brown
Female,Brown
Female,Brown
Female,Brown
Male,Brown
Male,Brown
Female,Brown
Male,Brown
Female,Brown
Male,Brown
Male,Brown
Female,Brown
Male,Brown
Female,Brown
Male,Brown
Male,Brown
Female,Brown
Female,Brown
Male,Brown
Female,Brown
Male,Brown
Male,Brown
Female,Brown
Female,Brown
Female,Brown
Female,Brown
Female,Brown
Male,Brown
Female,Brown
Female,Brown
Female,Brown
Male,Brown
Female,Brown
Female,Brown
Male,Brown
Female,Brown
Male,Brown
Male,Brown
Female,Brown
Male,Brown
Male,Brown
Female,Brown
Female,Brown
Female,Brown
Female,Brown
Female,Brown
Female,Brown
Female,Brown
Female,Brown
Male,Brown
Male,Brown
Male,Brown
Female,Brown
Female,Brown
Female,Brown
Male,Brown
Female,Brown
Female,Brown
Female,Brown
Female,Brown
Female,Brown
Male,Brown
Female,Brown
Female,Brown
Male,Brown
Female,Brown
Female,Brown
Female,Brown
Female,Brown
Female,Brown
Male,Brown
Male,Brown
Male,Brown
Male,Brown
Female,Brown
Male,Brown
Male,Brown
Female,Brown
Female,Brown
Female,Brown
Female,Brown
Female,Brown
Male,Brown
Female,Brown
Female,Brown
Male,Brown
Male,Brown
Male,Brown
Male,Brown
Male,Brown
Female,Brown
Female,Brown
Female,Brown
Male,Brown
Male,Brown
Male,Brown
Female,Brown
Male,Brown
Male,Brown
Female,Brown
Female,Brown
Female,Brown
Male,Brown
Male,Brown
Female,Brown
Male,Brown
Male,Brown
Female,Brown
Female,Brown
Male,Brown
Male,Brown
Female,Brown
Male,Brown
Male,Brown
Female,Brown
Female,Brown
Male,Brown
Female,Brown
Female,Brown
Female,Brown
Male,Brown
Male,Brown
Male,Brown
Male,Brown
Female,Brown
Female,Brown
Female,Brown
Female,Brown
Male,Brown
Male,Brown
Male,Brown
Male,Brown
Male,Brown
Female,Brown
Female,Brown
Female,Brown
Male,Brown
Male,Brown
Male,Brown
Female,Brown
Male,Brown
Female,Brown
Female,Brown
Female,Brown
Male,Brown
Male,Brown
Male,Brown
Female,Brown
Female,Brown
Male,Brown
Male,Brown
Male,Brown
Female,Brown
Female,Brown
Male,Brown
Male,Brown
Male,Brown
Male,Brown
Male,Brown
Male,Brown
Female,Brown
Female,Brown
Male,Brown
Female,Brown
Female,Brown
Male,Brown
Female,Brown
Female,Brown
Female,Brown
Female,Brown
Female,Brown
Female,Brown
Male,Brown
Female,Brown
Female,Brown
Female,Brown
Female,Brown
Female,Brown
Male,Brown
Female,Brown
Male,Brown
Male,Brown
Female,Brown
Male,Brown
Female,Brown
Male,Brown
Female,Brown
Male,Brown
Male,Brown
Male,Brown
Male,Brown
Male,Brown
Male,Brown
Male,Brown
Male,Brown
Male,Brown
Male,Brown
Female,Brown
Female,Brown
Female,Brown
Female,Brown
Male,Brown
Male,Brown
Female,Brown
Male,Brown
Male,Brown
Female,Brown
Male,Brown
Female,Brown
Male,Brown
Male,Brown
Female,Brown
Male,Brown
Male,Brown
Female,Brown
Female,Brown
Male,Brown
Male,Brown
Female,Brown
Female,Brown
Female,Brown
Female,Brown
Female,Brown
Female,Brown
Female,Brown
Female,Brown
Female,Brown
Female,Brown
Female,Brown
Male,Brown
Male,Brown
Male,Brown
Male,Brown
Male,Brown
Male,Brown
Male,Brown
Female,Brown
Female,Brown
Female,Brown
Female,Brown
Male,Brown
Male,Brown
Male,Brown
Male,Brown
Male,Brown
Female,Brown
Female,Brown
Female,Brown
Female,Brown
Female,Brown
Male,Brown
Male,Brown
Male,Brown
Female,Brown
Female,Brown
Male,Brown
Male,Brown
Female,Brown
Female,Brown
Male,Brown
Male,Brown
Female,Brown
Male,Brown
Male,Brown
Male,Brown
Female,Brown
Male,Brown
Female,Brown
Female,Brown
Male,Brown
Male,Brown
Female,Brown
Female,Brown
Female,Brown
Male,Brown
Male,Brown
Female,Brown
Female,Brown
Female,Brown
Female,Brown
Male,Brown
Female,Brown
Male,Brown
Female,Brown
Male,Brown
Female,Brown
Male,Brown
Female,Brown
Male,Brown
Female,Brown
Female,Brown
Female,Brown
Female,Brown
Female,Brown
Female,Brown
Female,Brown
Female,Brown
Female,Brown
Male,Brown
Male,Brown
Female,Brown
Male,Brown
Male,Brown
Male,Brown
Male,Brown
Female,Brown
Female,Brown
Male,Brown
Male,Brown
Female,Brown
Male,Brown
Female,Brown
Male,Brown
Male,Brown
Female,Brown
Male,Brown
Female,Brown
Female,Green
Male,Green
Female,Green
Male,Green
Male,Green
Male,Green
Male,Green
Male,Green
Male,Green
Female,Green
Male,Green
Female,Green
Female,Green
Female,Green
Female,Green
Male,Green
Female,Green
Female,Green
Male,Green
Male,Green
Female,Green
Female,Green
Male,Green
Female,Green
Female,Green
Female,Green
Female,Green
Female,Green
Male,Green
Female,Green
Male,Green
Male,Green
Female,Green
Male,Green
Male,Green
Female,Green
Female,Green
Female,Green
Female,Green
Female,Green
Female,Green
Female,Green
Female,Green
Female,Green
Male,Green
Male,Green
Female,Green
Male,Green
Male,Green
Male,Green
Female,Green
Female,Green
Male,Green
Female,Green
Male,Green
Male,Green
Female,Green
Female,Green
Female,Green
Female,Green
Male,Green
Male,Green
Female,Green
Female,Green
Female,Green
Female,Green
Female,Green
Female,Green
Female,Green
Female,Green
Female,Green
Male,Green
Female,Green
Male,Green
Male,Green
Female,Green
Female,Green
Female,Green
Female,Green
Female,Green
Female,Green
Female,Green
Male,Green
Female,Green
Female,Green
Female,Green
Female,Green
Female,Green
Female,Green
Male,Green
Female,Green
Female,Green
Female,Green
Female,Green
Female,Green
Female,Green
Female,Green
Female,Green
Male,Green
Female,Green
Female,Green
Female,Green
Male,Green
Female,Green
Male,Green
Female,Green
Male,Green
Female,Green
Male,Green
Female,Green
Female,Green
Male,Green
Female,Green
Female,Green
Female,Green
Female,Green
Male,Green
Male,Green
Male,Green
Male,Green
Female,Green
Male,Green
Female,Green
Female,Green
Female,Green
Female,Green
Female,Green
Female,Green
Female,Green
Female,Green
Female,Green
Male,Green
Female,Green
Male,Green
Male,Green
Female,Green
Female,Green
Female,Green
Male,Green
Female,Green
Female,Green
Female,Green
Male,Green
Male,Green
Female,Green
Male,Green
Male,Green
Female,Green
Male,Green
Female,Green
Male,Green
Female,Green
Female,Green
Female,Green
Female,Green
Female,Green
Male,Green
Female,Green
Male,Green
Female,Green
Male,Green
Female,Green
Female,Green
Female,Green
Female,Green
Female,Green
Male,Green
Female,Green
Female,Green
Female,Green
Female,Green
Female,Green
Female,Green
Female,Green
Female,Green
Female,Green
Male,Green
Female,Green
Female,Green
Female,Green
Male,Green
Male,Green
Male,Green
Male,Green
Female,Green
Female,Green
Female,Green
Male,Green
Female,Green
Male,Green
Female,Green
Male,Green
Male,Green
Male,Green
Male,Green
Female,Green
Female,Green
Female,Green
Male,Green
Male,Green
Male,Green
Male,Green
Female,Green
Male,Green
Female,Green
Female,Green
Male,Green
Female,Green
Female,Green
Male,Green
Male,Green
Female,Green
Male,Green
Female,Green
Male,Green
Male,Green
Female,Green
Male,Green
Male,Green
Male,Green
Male,Green
Female,Green
Male,Green
Male,Green
Male,Green
Female,Green
Female,Green
Male,Green
Female,Green
Female,Green
Female,Green
Male,Green
Female,Green
Female,Green
Female,Green
Female,Green
Female,Green
Female,Green
Male,Green
Female,Green
Male,Green
Female,Green
Female,Green
Female,Green
Female,Green
Female,Green
Male,Green
Female,Green
Male,Green
Male,Green
Female,Green
Female,Green
Female,Green
Female,Green
Male,Green
Male,Green
Male,Green
Female,Green
Female,Green
Female,Green
Female,Green
Female,Green
Female,Green
Female,Green
Male,Green
Female,Green
Female,Green
Female,Green
Female,Green
Male,Green
Female,Green
Male,Green
Female,Green
Female,Green
Female,Green
Female,Green
Female,Green
Female,Green
Female,Green
Female,Green
Female,Green
Female,Green
Female,Green
Male,Green
Female,Green
Male,Green
Male,Green
Male,Green
Female,Green
Female,Green
Female,Green
Female,Green
Male,Green
Female,Green
Female,Green
Male,Green
Male,Green
Male,Green
Female,Green
Male,Green
Female,Green
Male,Green
Female,Green
Male,Green
Female,Green
Female,Green
Female,Green
Female,Green
Female,Hazel
Male,Hazel
Female,Hazel
Male,Hazel
Female,Hazel
Male,Hazel
Male,Hazel
Female,Hazel
Male,Hazel
Male,Hazel
Male,Hazel
Male,Hazel
Female,Hazel
Female,Hazel
Female,Hazel
Female,Hazel
Male,Hazel
Female,Hazel
Male,Hazel
Male,Hazel
Female,Hazel
Female,Hazel
Female,Hazel
Female,Hazel
Female,Hazel
Male,Hazel
Male,Hazel
Female,Hazel
Female,Hazel
Male,Hazel
Female,Hazel
Male,Hazel
Female,Hazel
Male,Hazel
Male,Hazel
Female,Hazel
Female,Hazel
Male,Hazel
Male,Hazel
Female,Hazel
Female,Hazel
Female,Hazel
Male,Hazel
Female,Hazel
Female,Hazel
Female,Hazel
Male,Hazel
Male,Hazel
Male,Hazel
Female,Hazel
Female,Hazel
Female,Hazel
Female,Hazel
Male,Hazel
Female,Hazel
Female,Hazel
Female,Hazel
Male,Hazel
Male,Hazel
Female,Hazel
Female,Hazel
Female,Hazel
Female,Hazel
Female,Hazel
Female,Hazel
Male,Hazel
Male,Hazel
Male,Hazel
Female,Hazel
Male,Hazel
Male,Hazel
Female,Hazel
Male,Hazel
Female,Hazel
Male,Hazel
Male,Hazel
Female,Hazel
Male,Hazel
Male,Hazel
Female,Hazel
Female,Hazel
Male,Hazel
Female,Hazel
Male,Hazel
Female,Hazel
Female,Hazel
Female,Hazel
Male,Hazel
Female,Hazel
Female,Hazel
Female,Hazel
Female,Hazel
Female,Hazel
Male,Hazel
Male,Hazel
Male,Hazel
Female,Hazel
Female,Hazel
Female,Hazel
Female,Hazel
Male,Hazel
Male,Hazel
Female,Hazel
Female,Hazel
Female,Hazel
Female,Hazel
Female,Hazel
Female,Hazel
Male,Hazel
Female,Hazel
Female,Hazel
Male,Hazel
Male,Hazel
Male,Hazel
Female,Hazel
Male,Hazel
Male,Hazel
Male,Hazel
Male,Hazel
Female,Hazel
Female,Hazel
Male,Hazel
Male,Hazel
Female,Hazel
Female,Hazel
Male,Hazel
Male,Hazel
Female,Hazel
Female,Hazel
Female,Hazel
Female,Hazel
Female,Hazel
Female,Hazel
Female,Hazel
Male,Hazel
Male,Hazel
Female,Hazel
Male,Hazel
Male,Hazel
Female,Hazel
Male,Hazel
Male,Hazel
Female,Hazel
Male,Hazel
Male,Hazel
Male,Hazel
Female,Hazel
Female,Hazel
Female,Hazel
Female,Hazel
Male,Hazel
Female,Hazel
Male,Hazel
Male,Hazel
Female,Hazel
Female,Hazel
Male,Hazel
Male,Hazel
Male,Hazel
Male,Hazel
Female,Hazel
Female,Hazel
Male,Hazel
Male,Hazel
Male,Hazel
Female,Hazel
Male,Hazel
Male,Hazel
Male,Hazel
Female,Hazel
Male,Hazel
Male,Hazel
Male,Hazel
Female,Hazel
Female,Hazel
Male,Hazel
Male,Hazel
Female,Hazel
Female,Hazel
Female,Hazel
Male,Hazel
Male,Hazel
Male,Hazel
Female,Hazel
Female,Hazel
Male,Hazel
Female,Hazel
Male,Hazel
Male,Hazel
Female,Hazel
Female,Hazel
Male,Hazel
Female,Hazel
Female,Hazel
Male,Hazel
Male,Hazel
Female,Hazel
Female,Hazel
Female,Hazel
Female,Hazel
Female,Hazel
Male,Hazel
Female,Hazel
Female,Hazel
Male,Hazel
Male,Hazel
Female,Hazel
Male,Hazel
Female,Hazel
Male,Hazel
Female,Hazel
Female,Hazel
Female,Hazel
Male,Hazel
Female,Hazel
Female,Hazel
Female,Hazel
Male,Hazel
Male,Hazel
Male,Hazel
Male,Hazel
Female,Hazel
Female,Hazel
Male,Hazel
Male,Hazel
Female,Hazel
Male,Hazel
Female,Hazel
Female,Hazel
Female,Hazel
Female,Hazel
Female,Hazel
Female,Hazel
Male,Hazel
Male,Hazel
Female,Hazel
Male,Hazel
Male,Hazel
Male,Hazel
Female,Hazel
Female,Hazel
Male,Hazel
Male,Hazel
Female,Hazel
Female,Hazel
Male,Hazel
Male,Hazel
Female,Hazel
Female,Hazel
Male,Hazel
Male,Hazel
Female,Hazel
Female,Hazel
Male,Hazel
Female,Hazel
Male,Hazel
Male,Hazel
Female,Hazel
Male,Hazel
Female,Hazel
Male,Hazel
Male,Hazel
Male,Hazel
Male,Hazel
Female,Hazel
Male,Hazel
Male,Hazel
Male,Hazel
Female,Hazel
Female,Hazel
Female,Hazel
Female,Hazel
Female,Hazel
Female,Hazel
Male,Hazel
Male,Hazel
Male,Hazel
Female,Hazel
Male,Hazel
Male,Hazel
Male,Hazel
Male,Hazel
Female,Hazel
Male,Hazel
Female,Hazel
Female,Hazel
Female,Hazel
Female,Hazel
Female,Hazel
Male,Hazel
Female,Hazel
Female,Hazel
Male,Hazel
Male,Hazel
Male,Hazel
Female,Hazel
Female,Hazel
Female,Hazel
Male,Hazel
Female,Hazel
Male,Hazel
Male,Hazel
Male,Hazel
Female,Hazel
Male,Hazel
Female,Hazel
Male,Hazel
Male,Hazel
Female,Hazel
Female,Hazel
Male,Hazel
Male,Hazel
Male,Hazel
Female,Hazel
Female,Hazel
Female,Hazel
Male,Hazel
Female,Hazel
Female,Hazel
Male,Hazel
Female,Hazel
Female,Hazel
Female,Hazel
Female,Hazel
Male,Hazel
Female,Hazel
Male,Hazel
Male,Hazel
Female,Hazel
Male,Hazel
Female,Hazel
Female,Hazel
Male,Hazel
Female,Hazel
Male,Hazel
Female,Hazel
Female,Hazel
Female,Hazel
Female,Hazel
Female,Hazel
Female,Hazel
Female,Hazel
Male,Hazel
Female,Hazel
Male,Hazel
Male,Hazel
Female,Hazel
Male,Other
Female,Other
Female,Other
Female,Other
Female,Other
Female,Other
Male,Other
Male,Other
Female,Other
Male,Other
Male,Other
Male,Other
Male,Other
Male,Other
Female,Other
Male,Other
Male,Other
Female,Other
Male,Other
Male,Other
Male,Other
Male,Other
Male,Other
Female,Other
Male,Other
Male,Other
Male,Other
Female,Other
Female,Other
Male,Other
Female,Other
Male,Other
Female,Other
Female,Other
Female,Other
Male,Other
Female,Other
Male,Other
Male,Other
Female,Other
Male,Other
Female,Other
