Ticket,Status
First,Rescued
First,Rescued
First,Rescued
First,Rescued
First,Rescued
First,Rescued
First,Rescued
First,Rescued
First,Rescued
First,Rescued
First,Rescued
First,Rescued
First,Rescued
First,Rescued
First,Rescued
First,Rescued
First,Rescued
First,Rescued
First,Rescued
First,Rescued
First,Rescued
First,Rescued
First,Rescued
First,Rescued
First,Rescued
First,Rescued
First,Rescued
First,Rescued
First,Rescued
First,Rescued
First,Rescued
First,Rescued
First,Rescued
First,Rescued
First,Rescued
First,Rescued
First,Rescued
First,Rescued
First,Rescued
First,Rescued
First,Rescued
First,Rescued
First,Rescued
First,Rescued
First,Rescued
First,Rescued
First,Rescued
First,Rescued
First,Rescued
First,Rescued
First,Rescued
First,Rescued
First,Rescued
First,Rescued
First,Rescued
First,Rescued
First,Rescued
First,Rescued
First,Rescued
First,Rescued
First,Rescued
First,Rescued
First,Rescued
First,Rescued
First,Rescued
First,Rescued
First,Rescued
First,Rescued
First,Rescued
First,Rescued
First,Rescued
First,Rescued
First,Rescued
First,Rescued
First,Rescued
First,Rescued
First,Rescued
First,Rescued
First,Rescued
First,Rescued
First,Rescued
First,Rescued
First,Rescued
First,Rescued
First,Rescued
First,Rescued
First,Rescued
First,Rescued
First,Rescued
First,Rescued
First,Rescued
First,Rescued
First,Rescued
First,Rescued
First,Rescued
First,Rescued
First,Rescued
First,Rescued
First,Rescued
First,Rescued
First,Rescued
First,Rescued
First,Rescued
First,Rescued
First,Rescued
First,Rescued
First,Rescued
First,Rescued
First,Rescued
First,Rescued
First,Rescued
First,Rescued
First,Rescued
First,Rescued
First,Rescued
First,Rescued
First,Rescued
First,Rescued
First,Rescued
First,Rescued
First,Rescued
First,Rescued
First,Rescued
First,Rescued
First,Rescued
First,Rescued
First,Rescued
First,Rescued
First,Rescued
First,Rescued
First,Rescued
First,Rescued
First,Rescued
First,Rescued
First,Rescued
First,Rescued
First,Rescued
First,Rescued
First,Rescued
First,Rescued
First,Rescued
First,Rescued
First,Rescued
First,Rescued
First,Rescued
First,Rescued
First,Rescued
First,Rescued
First,Rescued
First,Rescued
First,Rescued
First,Rescued
First,Rescued
First,Rescued
First,Rescued
First,Rescued
First,Rescued
First,Rescued
First,Rescued
First,Rescued
First,Rescued
First,Rescued
First,Rescued
First,Rescued
First,Rescued
First,Rescued
First,Rescued
First,Rescued
First,Rescued
First,Rescued
First,Rescued
First,Rescued
First,Rescued
First,Rescued
First,Rescued
First,Rescued
First,Rescued
First,Rescued
First,Rescued
First,Rescued
First,Rescued
First,Rescued
First,Rescued
First,Rescued
First,Rescued
First,Rescued
First,Rescued
First,Rescued
First,Rescued
First,Rescued
First,Rescued
First,Rescued
First,Rescued
First,Rescued
First,Rescued
First,Rescued
First,Rescued
First,Rescued
First,Rescued
First,Rescued
First,Rescued
First,Rescued
First,Lost
First,Lost
First,Lost
First,Lost
First,Lost
First,Lost
First,Lost
First,Lost
First,Lost
First,Lost
First,Lost
First,Lost
First,Lost
First,Lost
First,Lost
First,Lost
First,Lost
First,Lost
First,Lost
First,Lost
First,Lost
First,Lost
First,Lost
First,Lost
First,Lost
First,Lost
First,Lost
First,Lost
First,Lost
First,Lost
First,Lost
First,Lost
First,Lost
First,Lost
First,Lost
First,Lost
First,Lost
First,Lost
First,Lost
First,Lost
First,Lost
First,Lost
First,Lost
First,Lost
First,Lost
First,Lost
First,Lost
First,Lost
First,Lost
First,Lost
First,Lost
First,Lost
First,Lost
First,Lost
First,Lost
First,Lost
First,Lost
First,Lost
First,Lost
First,Lost
First,Lost
First,Lost
First,Lost
First,Lost
First,Lost
First,Lost
First,Lost
First,Lost
First,Lost
First,Lost
First,Lost
First,Lost
First,Lost
First,Lost
First,Lost
First,Lost
First,Lost
First,Lost
First,Lost
First,Lost
First,Lost
First,Lost
First,Lost
First,Lost
First,Lost
First,Lost
First,Lost
First,Lost
First,Lost
First,Lost
First,Lost
First,Lost
First,Lost
First,Lost
First,Lost
First,Lost
First,Lost
First,Lost
First,Lost
First,Lost
First,Lost
First,Lost
First,Lost
First,Lost
First,Lost
First,Lost
First,Lost
First,Lost
First,Lost
First,Lost
First,Lost
First,Lost
First,Lost
First,Lost
First,Lost
First,Lost
First,Lost
First,Lost
First,Lost
First,Lost
First,Lost
First,Lost
First,Lost
Second,Rescued
Second,Rescued
Second,Rescued
Second,Rescued
Second,Rescued
Second,Rescued
Second,Rescued
Second,Rescued
Second,Rescued
Second,Rescued
Second,Rescued
Second,Rescued
Second,Rescued
Second,Rescued
Second,Rescued
Second,Rescued
Second,Rescued
Second,Rescued
Second,Rescued
Second,Rescued
Second,Rescued
Second,Rescued
Second,Rescued
Second,Rescued
Second,Rescued
Second,Rescued
Second,Rescued
Second,Rescued
Second,Rescued
Second,Rescued
Second,Rescued
Second,Rescued
Second,Rescued
Second,Rescued
Second,Rescued
Second,Rescued
Second,Rescued
Second,Rescued
Second,Rescued
Second,Rescued
Second,Rescued
Second,Rescued
Second,Rescued
Second,Rescued
Second,Rescued
Second,Rescued
Second,Rescued
Second,Rescued
Second,Rescued
Second,Rescued
Second,Rescued
Second,Rescued
Second,Rescued
Second,Rescued
Second,Rescued
Second,Rescued
Second,Rescued
Second,Rescued
Second,Rescued
Second,Rescued
Second,Rescued
Second,Rescued
Second,Rescued
Second,Rescued
Second,Rescued
Second,Rescued
Second,Rescued
Second,Rescued
Second,Rescued
Second,Rescued
Second,Rescued
Second,Rescued
Second,Rescued
Second,Rescued
Second,Rescued
Second,Rescued
Second,Rescued
Second,Rescued
Second,Rescued
Second,Rescued
Second,Rescued
Second,Rescued
Second,Rescued
Second,Rescued
Second,Rescued
Second,Rescued
Second,Rescued
Second,Rescued
Second,Rescued
Second,Rescued
Second,Rescued
Second,Rescued
Second,Rescued
Second,Rescued
Second,Rescued
Second,Rescued
Second,Rescued
Second,Rescued
Second,Rescued
Second,Rescued
Second,Rescued
Second,Rescued
Second,Rescued
Second,Rescued
Second,Rescued
Second,Rescued
Second,Rescued
Second,Rescued
Second,Rescued
Second,Rescued
Second,Rescued
Second,Rescued
Second,Rescued
Second,Rescued
Second,Rescued
Second,Rescued
Second,Rescued
Second,Rescued
Second,Lost
Second,Lost
Second,Lost
Second,Lost
Second,Lost
Second,Lost
Second,Lost
Second,Lost
Second,Lost
Second,Lost
Second,Lost
Second,Lost
Second,Lost
Second,Lost
Second,Lost
Second,Lost
Second,Lost
Second,Lost
Second,Lost
Second,Lost
Second,Lost
Second,Lost
Second,Lost
Second,Lost
Second,Lost
Second,Lost
Second,Lost
Second,Lost
Second,Lost
Second,Lost
Second,Lost
Second,Lost
Second,Lost
Second,Lost
Second,Lost
Second,Lost
Second,Lost
Second,Lost
Second,Lost
Second,Lost
Second,Lost
Second,Lost
Second,Lost
Second,Lost
Second,Lost
Second,Lost
Second,Lost
Second,Lost
Second,Lost
Second,Lost
Second,Lost
Second,Lost
Second,Lost
Second,Lost
Second,Lost
Second,Lost
Second,Lost
Second,Lost
Second,Lost
Second,Lost
Second,Lost
Second,Lost
Second,Lost
Second,Lost
Second,Lost
Second,Lost
Second,Lost
Second,Lost
Second,Lost
Second,Lost
Second,Lost
Second,Lost
Second,Lost
Second,Lost
Second,Lost
Second,Lost
Second,Lost
Second,Lost
Second,Lost
Second,Lost
Second,Lost
Second,Lost
Second,Lost
Second,Lost
Second,Lost
Second,Lost
Second,Lost
Second,Lost
Second,Lost
Second,Lost
Second,Lost
Second,Lost
Second,Lost
Second,Lost
Second,Lost
Second,Lost
Second,Lost
Second,Lost
Second,Lost
Second,Lost
Second,Lost
Second,Lost
Second,Lost
Second,Lost
Second,Lost
Second,Lost
Second,Lost
Second,Lost
Second,Lost
Second,Lost
Second,Lost
Second,Lost
Second,Lost
Second,Lost
Second,Lost
Second,Lost
Second,Lost
Second,Lost
Second,Lost
Second,Lost
Second,Lost
Second,Lost
Second,Lost
Second,Lost
Second,Lost
Second,Lost
Second,Lost
Second,Lost
Second,Lost
Second,Lost
Second,Lost
Second,Lost
Second,Lost
Second,Lost
Second,Lost
Second,Lost
Second,Lost
Second,Lost
Second,Lost
Second,Lost
Second,Lost
Second,Lost
Second,Lost
Second,Lost
Second,Lost
Second,Lost
Second,Lost
Second,Lost
Second,Lost
Second,Lost
Second,Lost
Second,Lost
Second,Lost
Second,Lost
Second,Lost
Second,Lost
Second,Lost
Second,Lost
Second,Lost
Second,Lost
Second,Lost
Second,Lost
Second,Lost
Second,Lost
Second,Lost
Second,Lost
Second,Lost
Third,Rescued
Third,Rescued
Third,Rescued
Third,Rescued
Third,Rescued
Third,Rescued
Third,Rescued
Third,Rescued
Third,Rescued
Third,Rescued
Third,Rescued
Third,Rescued
Third,Rescued
Third,Rescued
Third,Rescued
Third,Rescued
Third,Rescued
Third,Rescued
Third,Rescued
Third,Rescued
Third,Rescued
Third,Rescued
Third,Rescued
Third,Rescued
Third,Rescued
Third,Rescued
Third,Rescued
Third,Rescued
Third,Rescued
Third,Rescued
Third,Rescued
Third,Rescued
Third,Rescued
Third,Rescued
Third,Rescued
Third,Rescued
Third,Rescued
Third,Rescued
Third,Rescued
Third,Rescued
Third,Rescued
Third,Rescued
Third,Rescued
Third,Rescued
Third,Rescued
Third,Rescued
Third,Rescued
Third,Rescued
Third,Rescued
Third,Rescued
Third,Rescued
Third,Rescued
Third,Rescued
Third,Rescued
Third,Rescued
Third,Rescued
Third,Rescued
Third,Rescued
Third,Rescued
Third,Rescued
Third,Rescued
Third,Rescued
Third,Rescued
Third,Rescued
Third,Rescued
Third,Rescued
Third,Rescued
Third,Rescued
Third,Rescued
Third,Rescued
Third,Rescued
Third,Rescued
Third,Rescued
Third,Rescued
Third,Rescued
Third,Rescued
Third,Rescued
Third,Rescued
Third,Rescued
Third,Rescued
Third,Rescued
Third,Rescued
Third,Rescued
Third,Rescued
Third,Rescued
Third,Rescued
Third,Rescued
Third,Rescued
Third,Rescued
Third,Rescued
Third,Rescued
Third,Rescued
Third,Rescued
Third,Rescued
Third,Rescued
Third,Rescued
Third,Rescued
Third,Rescued
Third,Rescued
Third,Rescued
Third,Rescued
Third,Rescued
Third,Rescued
Third,Rescued
Third,Rescued
Third,Rescued
Third,Rescued
Third,Rescued
Third,Rescued
Third,Rescued
Third,Rescued
Third,Rescued
Third,Rescued
Third,Rescued
Third,Rescued
Third,Rescued
Third,Rescued
Third,Rescued
Third,Rescued
Third,Rescued
Third,Rescued
Third,Rescued
Third,Rescued
Third,Rescued
Third,Rescued
Third,Rescued
Third,Rescued
Third,Rescued
Third,Rescued
Third,Rescued
Third,Rescued
Third,Rescued
Third,Rescued
Third,Rescued
Third,Rescued
Third,Rescued
Third,Rescued
Third,Rescued
Third,Rescued
Third,Rescued
Third,Rescued
Third,Rescued
Third,Rescued
Third,Rescued
Third,Rescued
Third,Rescued
Third,Rescued
Third,Rescued
Third,Rescued
Third,Rescued
Third,Rescued
Third,Rescued
Third,Rescued
Third,Rescued
Third,Rescued
Third,Rescued
Third,Rescued
Third,Rescued
Third,Rescued
Third,Rescued
Third,Rescued
Third,Rescued
Third,Rescued
Third,Rescued
Third,Rescued
Third,Rescued
Third,Rescued
Third,Rescued
Third,Rescued
Third,Rescued
Third,Rescued
Third,Rescued
Third,Rescued
Third,Rescued
Third,Rescued
Third,Rescued
Third,Rescued
Third,Rescued
Third,Lost
Third,Lost
Third,Lost
Third,Lost
Third,Lost
Third,Lost
Third,Lost
Third,Lost
Third,Lost
Third,Lost
Third,Lost
Third,Lost
Third,Lost
Third,Lost
Third,Lost
Third,Lost
Third,Lost
Third,Lost
Third,Lost
Third,Lost
Third,Lost
Third,Lost
Third,Lost
Third,Lost
Third,Lost
Third,Lost
Third,Lost
Third,Lost
Third,Lost
Third,Lost
Third,Lost
Third,Lost
Third,Lost
Third,Lost
Third,Lost
Third,Lost
Third,Lost
Third,Lost
Third,Lost
Third,Lost
Third,Lost
Third,Lost
Third,Lost
Third,Lost
Third,Lost
Third,Lost
Third,Lost
Third,Lost
Third,Lost
Third,Lost
Third,Lost
Third,Lost
Third,Lost
Third,Lost
Third,Lost
Third,Lost
Third,Lost
Third,Lost
Third,Lost
Third,Lost
Third,Lost
Third,Lost
Third,Lost
Third,Lost
Third,Lost
Third,Lost
Third,Lost
Third,Lost
Third,Lost
Third,Lost
Third,Lost
Third,Lost
Third,Lost
Third,Lost
Third,Lost
Third,Lost
Third,Lost
Third,Lost
Third,Lost
Third,Lost
Third,Lost
Third,Lost
Third,Lost
Third,Lost
Third,Lost
Third,Lost
Third,Lost
Third,Lost
Third,Lost
Third,Lost
Third,Lost
Third,Lost
Third,Lost
Third,Lost
Third,Lost
Third,Lost
Third,Lost
Third,Lost
Third,Lost
Third,Lost
Third,Lost
Third,Lost
Third,Lost
Third,Lost
Third,Lost
Third,Lost
Third,Lost
Third,Lost
Third,Lost
Third,Lost
Third,Lost
Third,Lost
Third,Lost
Third,Lost
Third,Lost
Third,Lost
Third,Lost
Third,Lost
Third,Lost
Third,Lost
Third,Lost
Third,Lost
Third,Lost
Third,Lost
Third,Lost
Third,Lost
Third,Lost
Third,Lost
Third,Lost
Third,Lost
Third,Lost
Third,Lost
Third,Lost
Third,Lost
Third,Lost
Third,Lost
Third,Lost
Third,Lost
Third,Lost
Third,Lost
Third,Lost
Third,Lost
Third,Lost
Third,Lost
Third,Lost
Third,Lost
Third,Lost
Third,Lost
Third,Lost
Third,Lost
Third,Lost
Third,Lost
Third,Lost
Third,Lost
Third,Lost
Third,Lost
Third,Lost
Third,Lost
Third,Lost
Third,Lost
Third,Lost
Third,Lost
Third,Lost
Third,Lost
Third,Lost
Third,Lost
Third,Lost
Third,Lost
Third,Lost
Third,Lost
Third,Lost
Third,Lost
Third,Lost
Third,Lost
Third,Lost
Third,Lost
Third,Lost
Third,Lost
Third,Lost
Third,Lost
Third,Lost
Third,Lost
Third,Lost
Third,Lost
Third,Lost
Third,Lost
Third,Lost
Third,Lost
Third,Lost
Third,Lost
Third,Lost
Third,Lost
Third,Lost
Third,Lost
Third,Lost
Third,Lost
Third,Lost
Third,Lost
Third,Lost
Third,Lost
Third,Lost
Third,Lost
Third,Lost
Third,Lost
Third,Lost
Third,Lost
Third,Lost
Third,Lost
Third,Lost
Third,Lost
Third,Lost
Third,Lost
Third,Lost
Third,Lost
Third,Lost
Third,Lost
Third,Lost
Third,Lost
Third,Lost
Third,Lost
Third,Lost
Third,Lost
Third,Lost
Third,Lost
Third,Lost
Third,Lost
Third,Lost
Third,Lost
Third,Lost
Third,Lost
Third,Lost
Third,Lost
Third,Lost
Third,Lost
Third,Lost
Third,Lost
Third,Lost
Third,Lost
Third,Lost
Third,Lost
Third,Lost
Third,Lost
Third,Lost
Third,Lost
Third,Lost
Third,Lost
Third,Lost
Third,Lost
Third,Lost
Third,Lost
Third,Lost
Third,Lost
Third,Lost
Third,Lost
Third,Lost
Third,Lost
Third,Lost
Third,Lost
Third,Lost
Third,Lost
Third,Lost
Third,Lost
Third,Lost
Third,Lost
Third,Lost
Third,Lost
Third,Lost
Third,Lost
Third,Lost
Third,Lost
Third,Lost
Third,Lost
Third,Lost
Third,Lost
Third,Lost
Third,Lost
Third,Lost
Third,Lost
Third,Lost
Third,Lost
Third,Lost
Third,Lost
Third,Lost
Third,Lost
Third,Lost
Third,Lost
Third,Lost
Third,Lost
Third,Lost
Third,Lost
Third,Lost
Third,Lost
Third,Lost
Third,Lost
Third,Lost
Third,Lost
Third,Lost
Third,Lost
Third,Lost
Third,Lost
Third,Lost
Third,Lost
Third,Lost
Third,Lost
Third,Lost
Third,Lost
Third,Lost
Third,Lost
Third,Lost
Third,Lost
Third,Lost
Third,Lost
Third,Lost
Third,Lost
Third,Lost
Third,Lost
Third,Lost
Third,Lost
Third,Lost
Third,Lost
Third,Lost
Third,Lost
Third,Lost
Third,Lost
Third,Lost
Third,Lost
Third,Lost
Third,Lost
Third,Lost
Third,Lost
Third,Lost
Third,Lost
Third,Lost
Third,Lost
Third,Lost
Third,Lost
Third,Lost
Third,Lost
Third,Lost
Third,Lost
Third,Lost
Third,Lost
Third,Lost
Third,Lost
Third,Lost
Third,Lost
Third,Lost
Third,Lost
Third,Lost
Third,Lost
Third,Lost
Third,Lost
Third,Lost
Third,Lost
Third,Lost
Third,Lost
Third,Lost
Third,Lost
Third,Lost
Third,Lost
Third,Lost
Third,Lost
Third,Lost
Third,Lost
Third,Lost
Third,Lost
Third,Lost
Third,Lost
Third,Lost
Third,Lost
Third,Lost
Third,Lost
Third,Lost
Third,Lost
Third,Lost
Third,Lost
Third,Lost
Third,Lost
Third,Lost
Third,Lost
Third,Lost
Third,Lost
Third,Lost
Third,Lost
Third,Lost
Third,Lost
Third,Lost
Third,Lost
Third,Lost
Third,Lost
Third,Lost
Third,Lost
Third,Lost
Third,Lost
Third,Lost
Third,Lost
Third,Lost
Third,Lost
Third,Lost
Third,Lost
Third,Lost
Third,Lost
Third,Lost
Third,Lost
Third,Lost
Third,Lost
Third,Lost
Third,Lost
Third,Lost
Third,Lost
Third,Lost
Third,Lost
Third,Lost
Third,Lost
Third,Lost
Third,Lost
Third,Lost
Third,Lost
Third,Lost
Third,Lost
Third,Lost
Third,Lost
Third,Lost
Third,Lost
Third,Lost
Third,Lost
Third,Lost
Third,Lost
Third,Lost
Third,Lost
Third,Lost
Third,Lost
Third,Lost
Third,Lost
Third,Lost
Third,Lost
Third,Lost
Third,Lost
Third,Lost
Third,Lost
Third,Lost
Third,Lost
Third,Lost
Third,Lost
Third,Lost
Third,Lost
Third,Lost
Third,Lost
Third,Lost
Third,Lost
Third,Lost
Third,Lost
Third,Lost
Third,Lost
Third,Lost
Third,Lost
Third,Lost
Third,Lost
Third,Lost
Third,Lost
Third,Lost
Third,Lost
Third,Lost
Third,Lost
Third,Lost
Third,Lost
Third,Lost
Third,Lost
Third,Lost
Third,Lost
Third,Lost
Third,Lost
Third,Lost
Third,Lost
Third,Lost
Third,Lost
Third,Lost
Third,Lost
Third,Lost
Third,Lost
Third,Lost
Third,Lost
Third,Lost
Third,Lost
Third,Lost
Third,Lost
Third,Lost
Third,Lost
Third,Lost
Third,Lost
Third,Lost
Third,Lost
Third,Lost
Third,Lost
Third,Lost
Third,Lost
Third,Lost
Third,Lost
Third,Lost
Third,Lost
Third,Lost
Third,Lost
Third,Lost
Third,Lost
Third,Lost
Third,Lost
Third,Lost
Third,Lost
Third,Lost
Third,Lost
Third,Lost
Third,Lost
Third,Lost
Third,Lost
Third,Lost
Third,Lost
Third,Lost
Third,Lost
Third,Lost
Third,Lost
Third,Lost
Third,Lost
Third,Lost
Third,Lost
Third,Lost
Third,Lost
Third,Lost
Third,Lost
Crew,Rescued
Crew,Rescued
Crew,Rescued
Crew,Rescued
Crew,Rescued
Crew,Rescued
Crew,Rescued
Crew,Rescued
Crew,Rescued
Crew,Rescued
Crew,Rescued
Crew,Rescued
Crew,Rescued
Crew,Rescued
Crew,Rescued
Crew,Rescued
Crew,Rescued
Crew,Rescued
Crew,Rescued
Crew,Rescued
Crew,Rescued
Crew,Rescued
Crew,Rescued
Crew,Rescued
Crew,Rescued
Crew,Rescued
Crew,Rescued
Crew,Rescued
Crew,Rescued
Crew,Rescued
Crew,Rescued
Crew,Rescued
Crew,Rescued
Crew,Rescued
Crew,Rescued
Crew,Rescued
Crew,Rescued
Crew,Rescued
Crew,Rescued
Crew,Rescued
Crew,Rescued
Crew,Rescued
Crew,Rescued
Crew,Rescued
Crew,Rescued
Crew,Rescued
Crew,Rescued
Crew,Rescued
Crew,Rescued
Crew,Rescued
Crew,Rescued
Crew,Rescued
Crew,Rescued
Crew,Rescued
Crew,Rescued
Crew,Rescued
Crew,Rescued
Crew,Rescued
Crew,Rescued
Crew,Rescued
Crew,Rescued
Crew,Rescued
Crew,Rescued
Crew,Rescued
Crew,Rescued
Crew,Rescued
Crew,Rescued
Crew,Rescued
Crew,Rescued
Crew,Rescued
Crew,Rescued
Crew,Rescued
Crew,Rescued
Crew,Rescued
Crew,Rescued
Crew,Rescued
Crew,Rescued
Crew,Rescued
Crew,Rescued
Crew,Rescued
Crew,Rescued
Crew,Rescued
Crew,Rescued
Crew,Rescued
Crew,Rescued
Crew,Rescued
Crew,Rescued
Crew,Rescued
Crew,Rescued
Crew,Rescued
Crew,Rescued
Crew,Rescued
Crew,Rescued
Crew,Rescued
Crew,Rescued
Crew,Rescued
Crew,Rescued
Crew,Rescued
Crew,Rescued
Crew,Rescued
Crew,Rescued
Crew,Rescued
Crew,Rescued
Crew,Rescued
Crew,Rescued
Crew,Rescued
Crew,Rescued
Crew,Rescued
Crew,Rescued
Crew,Rescued
Crew,Rescued
Crew,Rescued
Crew,Rescued
Crew,Rescued
Crew,Rescued
Crew,Rescued
Crew,Rescued
Crew,Rescued
Crew,Rescued
Crew,Rescued
Crew,Rescued
Crew,Rescued
Crew,Rescued
Crew,Rescued
Crew,Rescued
Crew,Rescued
Crew,Rescued
Crew,Rescued
Crew,Rescued
Crew,Rescued
Crew,Rescued
Crew,Rescued
Crew,Rescued
Crew,Rescued
Crew,Rescued
Crew,Rescued
Crew,Rescued
Crew,Rescued
Crew,Rescued
Crew,Rescued
Crew,Rescued
Crew,Rescued
Crew,Rescued
Crew,Rescued
Crew,Rescued
Crew,Rescued
Crew,Rescued
Crew,Rescued
Crew,Rescued
Crew,Rescued
Crew,Rescued
Crew,Rescued
Crew,Rescued
Crew,Rescued
Crew,Rescued
Crew,Rescued
Crew,Rescued
Crew,Rescued
Crew,Rescued
Crew,Rescued
Crew,Rescued
Crew,Rescued
Crew,Rescued
Crew,Rescued
Crew,Rescued
Crew,Rescued
Crew,Rescued
Crew,Rescued
Crew,Rescued
Crew,Rescued
Crew,Rescued
Crew,Rescued
Crew,Rescued
Crew,Rescued
Crew,Rescued
Crew,Rescued
Crew,Rescued
Crew,Rescued
Crew,Rescued
Crew,Rescued
Crew,Rescued
Crew,Rescued
Crew,Rescued
Crew,Rescued
Crew,Rescued
Crew,Rescued
Crew,Rescued
Crew,Rescued
Crew,Rescued
Crew,Rescued
Crew,Rescued
Crew,Rescued
Crew,Rescued
Crew,Rescued
Crew,Rescued
Crew,Rescued
Crew,Rescued
Crew,Rescued
Crew,Rescued
Crew,Rescued
Crew,Rescued
Crew,Rescued
Crew,Rescued
Crew,Rescued
Crew,Rescued
Crew,Rescued
Crew,Rescued
Crew,Rescued
Crew,Rescued
Crew,Rescued
Crew,Rescued
Crew,Rescued
Crew,Lost
Crew,Lost
Crew,Lost
Crew,Lost
Crew,Lost
Crew,Lost
Crew,Lost
Crew,Lost
Crew,Lost
Crew,Lost
Crew,Lost
Crew,Lost
Crew,Lost
Crew,Lost
Crew,Lost
Crew,Lost
Crew,Lost
Crew,Lost
Crew,Lost
Crew,Lost
Crew,Lost
Crew,Lost
Crew,Lost
Crew,Lost
Crew,Lost
Crew,Lost
Crew,Lost
Crew,Lost
Crew,Lost
Crew,Lost
Crew,Lost
Crew,Lost
Crew,Lost
Crew,Lost
Crew,Lost
Crew,Lost
Crew,Lost
Crew,Lost
Crew,Lost
Crew,Lost
Crew,Lost
Crew,Lost
Crew,Lost
Crew,Lost
Crew,Lost
Crew,Lost
Crew,Lost
Crew,Lost
Crew,Lost
Crew,Lost
Crew,Lost
Crew,Lost
Crew,Lost
Crew,Lost
Crew,Lost
Crew,Lost
Crew,Lost
Crew,Lost
Crew,Lost
Crew,Lost
Crew,Lost
Crew,Lost
Crew,Lost
Crew,Lost
Crew,Lost
Crew,Lost
Crew,Lost
Crew,Lost
Crew,Lost
Crew,Lost
Crew,Lost
Crew,Lost
Crew,Lost
Crew,Lost
Crew,Lost
Crew,Lost
Crew,Lost
Crew,Lost
Crew,Lost
Crew,Lost
Crew,Lost
Crew,Lost
Crew,Lost
Crew,Lost
Crew,Lost
Crew,Lost
Crew,Lost
Crew,Lost
Crew,Lost
Crew,Lost
Crew,Lost
Crew,Lost
Crew,Lost
Crew,Lost
Crew,Lost
Crew,Lost
Crew,Lost
Crew,Lost
Crew,Lost
Crew,Lost
Crew,Lost
Crew,Lost
Crew,Lost
Crew,Lost
Crew,Lost
Crew,Lost
Crew,Lost
Crew,Lost
Crew,Lost
Crew,Lost
Crew,Lost
Crew,Lost
Crew,Lost
Crew,Lost
Crew,Lost
Crew,Lost
Crew,Lost
Crew,Lost
Crew,Lost
Crew,Lost
Crew,Lost
Crew,Lost
Crew,Lost
Crew,Lost
Crew,Lost
Crew,Lost
Crew,Lost
Crew,Lost
Crew,Lost
Crew,Lost
Crew,Lost
Crew,Lost
Crew,Lost
Crew,Lost
Crew,Lost
Crew,Lost
Crew,Lost
Crew,Lost
Crew,Lost
Crew,Lost
Crew,Lost
Crew,Lost
Crew,Lost
Crew,Lost
Crew,Lost
Crew,Lost
Crew,Lost
Crew,Lost
Crew,Lost
Crew,Lost
Crew,Lost
Crew,Lost
Crew,Lost
Crew,Lost
Crew,Lost
Crew,Lost
Crew,Lost
Crew,Lost
Crew,Lost
Crew,Lost
Crew,Lost
Crew,Lost
Crew,Lost
Crew,Lost
Crew,Lost
Crew,Lost
Crew,Lost
Crew,Lost
Crew,Lost
Crew,Lost
Crew,Lost
Crew,Lost
Crew,Lost
Crew,Lost
Crew,Lost
Crew,Lost
Crew,Lost
Crew,Lost
Crew,Lost
Crew,Lost
Crew,Lost
Crew,Lost
Crew,Lost
Crew,Lost
Crew,Lost
Crew,Lost
Crew,Lost
Crew,Lost
Crew,Lost
Crew,Lost
Crew,Lost
Crew,Lost
Crew,Lost
Crew,Lost
Crew,Lost
Crew,Lost
Crew,Lost
Crew,Lost
Crew,Lost
Crew,Lost
Crew,Lost
Crew,Lost
Crew,Lost
Crew,Lost
Crew,Lost
Crew,Lost
Crew,Lost
Crew,Lost
Crew,Lost
Crew,Lost
Crew,Lost
Crew,Lost
Crew,Lost
Crew,Lost
Crew,Lost
Crew,Lost
Crew,Lost
Crew,Lost
Crew,Lost
Crew,Lost
Crew,Lost
Crew,Lost
Crew,Lost
Crew,Lost
Crew,Lost
Crew,Lost
Crew,Lost
Crew,Lost
Crew,Lost
Crew,Lost
Crew,Lost
Crew,Lost
Crew,Lost
Crew,Lost
Crew,Lost
Crew,Lost
Crew,Lost
Crew,Lost
Crew,Lost
Crew,Lost
Crew,Lost
Crew,Lost
Crew,Lost
Crew,Lost
Crew,Lost
Crew,Lost
Crew,Lost
Crew,Lost
Crew,Lost
Crew,Lost
Crew,Lost
Crew,Lost
Crew,Lost
Crew,Lost
Crew,Lost
Crew,Lost
Crew,Lost
Crew,Lost
Crew,Lost
Crew,Lost
Crew,Lost
Crew,Lost
Crew,Lost
Crew,Lost
Crew,Lost
Crew,Lost
Crew,Lost
Crew,Lost
Crew,Lost
Crew,Lost
Crew,Lost
Crew,Lost
Crew,Lost
Crew,Lost
Crew,Lost
Crew,Lost
Crew,Lost
Crew,Lost
Crew,Lost
Crew,Lost
Crew,Lost
Crew,Lost
Crew,Lost
Crew,Lost
Crew,Lost
Crew,Lost
Crew,Lost
Crew,Lost
Crew,Lost
Crew,Lost
Crew,Lost
Crew,Lost
Crew,Lost
Crew,Lost
Crew,Lost
Crew,Lost
Crew,Lost
Crew,Lost
Crew,Lost
Crew,Lost
Crew,Lost
Crew,Lost
Crew,Lost
Crew,Lost
Crew,Lost
Crew,Lost
Crew,Lost
Crew,Lost
Crew,Lost
Crew,Lost
Crew,Lost
Crew,Lost
Crew,Lost
Crew,Lost
Crew,Lost
Crew,Lost
Crew,Lost
Crew,Lost
Crew,Lost
Crew,Lost
Crew,Lost
Crew,Lost
Crew,Lost
Crew,Lost
Crew,Lost
Crew,Lost
Crew,Lost
Crew,Lost
Crew,Lost
Crew,Lost
Crew,Lost
Crew,Lost
Crew,Lost
Crew,Lost
Crew,Lost
Crew,Lost
Crew,Lost
Crew,Lost
Crew,Lost
Crew,Lost
Crew,Lost
Crew,Lost
Crew,Lost
Crew,Lost
Crew,Lost
Crew,Lost
Crew,Lost
Crew,Lost
Crew,Lost
Crew,Lost
Crew,Lost
Crew,Lost
Crew,Lost
Crew,Lost
Crew,Lost
Crew,Lost
Crew,Lost
Crew,Lost
Crew,Lost
Crew,Lost
Crew,Lost
Crew,Lost
Crew,Lost
Crew,Lost
Crew,Lost
Crew,Lost
Crew,Lost
Crew,Lost
Crew,Lost
Crew,Lost
Crew,Lost
Crew,Lost
Crew,Lost
Crew,Lost
Crew,Lost
Crew,Lost
Crew,Lost
Crew,Lost
Crew,Lost
Crew,Lost
Crew,Lost
Crew,Lost
Crew,Lost
Crew,Lost
Crew,Lost
Crew,Lost
Crew,Lost
Crew,Lost
Crew,Lost
Crew,Lost
Crew,Lost
Crew,Lost
Crew,Lost
Crew,Lost
Crew,Lost
Crew,Lost
Crew,Lost
Crew,Lost
Crew,Lost
Crew,Lost
Crew,Lost
Crew,Lost
Crew,Lost
Crew,Lost
Crew,Lost
Crew,Lost
Crew,Lost
Crew,Lost
Crew,Lost
Crew,Lost
Crew,Lost
Crew,Lost
Crew,Lost
Crew,Lost
Crew,Lost
Crew,Lost
Crew,Lost
Crew,Lost
Crew,Lost
Crew,Lost
Crew,Lost
Crew,Lost
Crew,Lost
Crew,Lost
Crew,Lost
Crew,Lost
Crew,Lost
Crew,Lost
Crew,Lost
Crew,Lost
Crew,Lost
Crew,Lost
Crew,Lost
Crew,Lost
Crew,Lost
Crew,Lost
Crew,Lost
Crew,Lost
Crew,Lost
Crew,Lost
Crew,Lost
Crew,Lost
Crew,Lost
Crew,Lost
Crew,Lost
Crew,Lost
Crew,Lost
Crew,Lost
Crew,Lost
Crew,Lost
Crew,Lost
Crew,Lost
Crew,Lost
Crew,Lost
Crew,Lost
Crew,Lost
Crew,Lost
Crew,Lost
Crew,Lost
Crew,Lost
Crew,Lost
Crew,Lost
Crew,Lost
Crew,Lost
Crew,Lost
Crew,Lost
Crew,Lost
Crew,Lost
Crew,Lost
Crew,Lost
Crew,Lost
Crew,Lost
Crew,Lost
Crew,Lost
Crew,Lost
Crew,Lost
Crew,Lost
Crew,Lost
Crew,Lost
Crew,Lost
Crew,Lost
Crew,Lost
Crew,Lost
Crew,Lost
Crew,Lost
Crew,Lost
Crew,Lost
Crew,Lost
Crew,Lost
Crew,Lost
Crew,Lost
Crew,Lost
Crew,Lost
Crew,Lost
Crew,Lost
Crew,Lost
Crew,Lost
Crew,Lost
Crew,Lost
Crew,Lost
Crew,Lost
Crew,Lost
Crew,Lost
Crew,Lost
Crew,Lost
Crew,Lost
Crew,Lost
Crew,Lost
Crew,Lost
Crew,Lost
Crew,Lost
Crew,Lost
Crew,Lost
Crew,Lost
Crew,Lost
Crew,Lost
Crew,Lost
Crew,Lost
Crew,Lost
Crew,Lost
Crew,Lost
Crew,Lost
Crew,Lost
Crew,Lost
Crew,Lost
Crew,Lost
Crew,Lost
Crew,Lost
Crew,Lost
Crew,Lost
Crew,Lost
Crew,Lost
Crew,Lost
Crew,Lost
Crew,Lost
Crew,Lost
Crew,Lost
Crew,Lost
Crew,Lost
Crew,Lost
Crew,Lost
Crew,Lost
Crew,Lost
Crew,Lost
Crew,Lost
Crew,Lost
Crew,Lost
Crew,Lost
Crew,Lost
Crew,Lost
Crew,Lost
Crew,Lost
Crew,Lost
Crew,Lost
Crew,Lost
Crew,Lost
Crew,Lost
Crew,Lost
Crew,Lost
Crew,Lost
Crew,Lost
Crew,Lost
Crew,Lost
Crew,Lost
Crew,Lost
Crew,Lost
Crew,Lost
Crew,Lost
Crew,Lost
Crew,Lost
Crew,Lost
Crew,Lost
Crew,Lost
Crew,Lost
Crew,Lost
Crew,Lost
Crew,Lost
Crew,Lost
Crew,Lost
Crew,Lost
Crew,Lost
Crew,Lost
Crew,Lost
Crew,Lost
Crew,Lost
Crew,Lost
Crew,Lost
Crew,Lost
Crew,Lost
Crew,Lost
Crew,Lost
Crew,Lost
Crew,Lost
Crew,Lost
Crew,Lost
Crew,Lost
Crew,Lost
Crew,Lost
Crew,Lost
Crew,Lost
Crew,Lost
Crew,Lost
Crew,Lost
Crew,Lost
Crew,Lost
Crew,Lost
Crew,Lost
Crew,Lost
Crew,Lost
Crew,Lost
Crew,Lost
Crew,Lost
Crew,Lost
Crew,Lost
Crew,Lost
Crew,Lost
Crew,Lost
Crew,Lost
Crew,Lost
Crew,Lost
Crew,Lost
Crew,Lost
Crew,Lost
Crew,Lost
Crew,Lost
Crew,Lost
Crew,Lost
Crew,Lost
Crew,Lost
Crew,Lost
Crew,Lost
Crew,Lost
Crew,Lost
Crew,Lost
Crew,Lost
Crew,Lost
Crew,Lost
Crew,Lost
Crew,Lost
Crew,Lost
Crew,Lost
Crew,Lost
Crew,Lost
Crew,Lost
Crew,Lost
Crew,Lost
Crew,Lost
Crew,Lost
Crew,Lost
Crew,Lost
Crew,Lost
Crew,Lost
Crew,Lost
Crew,Lost
Crew,Lost
Crew,Lost
Crew,Lost
Crew,Lost
Crew,Lost
Crew,Lost
Crew,Lost
Crew,Lost
Crew,Lost
Crew,Lost
Crew,Lost
Crew,Lost
Crew,Lost
Crew,Lost
Crew,Lost
Crew,Lost
Crew,Lost
Crew,Lost
Crew,Lost
